tag,esperada_interna,x_m,y_m,z_m,melhor_antena,status,gargalo,p_tag_dbm,margem_ida_db,rssi_reverso_estimado_p_rx_dbm,margem_volta_db,margem_final_db,distancia_m,angulo_graus,ganho_antena_efetivo_dbi,perda_angular_db,fspl_db,perda_cabine_db,paineis_cruzados,perda_gaiola_db,cruzamentos_gaiola,comprimento_tecido_m,perda_tecido_db,perda_multipercurso_balanca_db,perda_polarizacao_db,perda_orientacao_db,perda_backscatter_db,perda_cabo_db,ganho_tag_dbi,path_one_way_db,campo_proximo,perdas_dominantes,acao_recomendada
PILHA_001,True,-0.0336,0.2223,1.1568,ESQ,LEITURA CONFIÁVEL,LEITURA_CONFIAVEL,-4.217,13.783,-64.433,25.567,13.783,0.5577,28.227,6.737,2.263,26.606,0.0,,2.06,1,0.274,3.288,0.0,3.0,3.0,28.0,1.0,0.0,37.954,False,backscatter: 28.0 dB; FSPL/distância: 26.6 dB; tecido/enxoval: 3.3 dB; polarização: 3.0 dB,sem falha imediata; validar em bancada por taxa de leitura | verificar perda equivalente da grade/gaiola por cruzamento | testar perda de polarização: antena CP × tag linear pode estar conservadora
PILHA_002,True,-0.1023,0.0113,0.8441,ESQ,LEITURA CONFIÁVEL,LEITURA_CONFIAVEL,-2.327,15.673,-60.654,29.346,15.673,0.4858,29.536,6.522,2.478,25.408,0.0,,2.06,1,0.1985,2.382,0.0,3.0,3.0,28.0,1.0,0.0,35.849,False,backscatter: 28.0 dB; FSPL/distância: 25.4 dB; polarização: 3.0 dB; orientação/dobra: 3.0 dB,sem falha imediata; validar em bancada por taxa de leitura | verificar perda equivalente da grade/gaiola por cruzamento | testar perda de polarização: antena CP × tag linear pode estar conservadora
PILHA_003,True,-0.067,0.0779,1.1067,ESQ,LEITURA CONFIÁVEL,LEITURA_CONFIAVEL,-0.3,17.7,-56.6,33.4,17.7,0.4713,13.64,8.472,0.528,25.144,0.0,,2.06,1,0.214,2.568,0.0,3.0,3.0,28.0,1.0,0.0,35.771,False,backscatter: 28.0 dB; FSPL/distância: 25.1 dB; polarização: 3.0 dB; orientação/dobra: 3.0 dB,sem falha imediata; validar em bancada por taxa de leitura | verificar perda equivalente da grade/gaiola por cruzamento | testar perda de polarização: antena CP × tag linear pode estar conservadora
PILHA_004,True,0.0886,0.0414,0.7138,DIR,LEITURA CONFIÁVEL,LEITURA_CONFIAVEL,-6.528,11.472,-69.056,20.944,11.472,0.5742,40.529,4.335,4.665,26.86,0.0,,2.06,1,0.2453,2.943,0.0,3.0,3.0,28.0,1.0,0.0,37.862,False,backscatter: 28.0 dB; FSPL/distância: 26.9 dB; perda angular antena: 4.7 dB; polarização: 3.0 dB,sem falha imediata; validar em bancada por taxa de leitura | melhorar geometria: inclinar/rebaixar/adicionar antena; tag fora do lóbulo útil | verificar perda equivalente da grade/gaiola por cruzamento | testar perda de polarização: antena CP × tag linear pode estar conservadora
PILHA_005,True,-0.0753,0.0778,0.908,ESQ,LEITURA CONFIÁVEL,LEITURA_CONFIAVEL,-1.906,16.094,-59.812,30.188,16.094,0.4933,24.295,7.324,1.676,25.542,0.0,,2.06,1,0.2191,2.629,0.0,3.0,3.0,28.0,1.0,0.0,36.23,False,backscatter: 28.0 dB; FSPL/distância: 25.5 dB; polarização: 3.0 dB; orientação/dobra: 3.0 dB,sem falha imediata; validar em bancada por taxa de leitura | verificar perda equivalente da grade/gaiola por cruzamento | testar perda de polarização: antena CP × tag linear pode estar conservadora
PILHA_006,True,-0.08,0.2918,1.3917,TOPO,LEITURA CONFIÁVEL,LEITURA_CONFIAVEL,-4.687,13.313,-65.374,24.626,13.313,0.706,28.017,6.771,2.229,28.654,0.0,,2.06,1,0.1453,1.743,0.0,3.0,3.0,28.0,1.0,0.0,38.457,False,FSPL/distância: 28.7 dB; backscatter: 28.0 dB; polarização: 3.0 dB; orientação/dobra: 3.0 dB,sem falha imediata; validar em bancada por taxa de leitura | verificar perda equivalente da grade/gaiola por cruzamento | testar perda de polarização: antena CP × tag linear pode estar conservadora
PILHA_007,True,-0.1679,-0.0206,0.3726,ESQ,LEITURA MARGINAL,LEITURA_MARGINAL_SEM_FOLGA,-16.238,1.762,-88.475,1.525,1.525,0.7925,63.221,-2.352,11.352,29.658,0.0,,2.06,1,0.2376,2.851,0.316,3.0,3.0,28.0,1.0,0.0,40.885,False,FSPL/distância: 29.7 dB; backscatter: 28.0 dB; perda angular antena: 11.4 dB; polarização: 3.0 dB,marginal: buscar +6 dB de folga para robustez | melhorar geometria: inclinar/rebaixar/adicionar antena; tag fora do lóbulo útil | verificar perda equivalente da grade/gaiola por cruzamento | testar perda de polarização: antena CP × tag linear pode estar conservadora
PILHA_008,True,0.0339,0.1897,0.8225,DIR,LEITURA CONFIÁVEL,LEITURA_CONFIAVEL,-6.16,11.84,-68.32,21.68,11.84,0.5965,34.575,5.605,3.395,27.191,0.0,,2.06,1,0.2929,3.515,0.0,3.0,3.0,28.0,1.0,0.0,38.765,False,backscatter: 28.0 dB; FSPL/distância: 27.2 dB; tecido/enxoval: 3.5 dB; perda angular antena: 3.4 dB,sem falha imediata; validar em bancada por taxa de leitura | melhorar geometria: inclinar/rebaixar/adicionar antena; tag fora do lóbulo útil | verificar perda equivalente da grade/gaiola por cruzamento | testar perda de polarização: antena CP × tag linear pode estar conservadora
PILHA_009,True,-0.0639,0.0546,1.191,ESQ,LEITURA CONFIÁVEL,LEITURA_CONFIAVEL,-0.845,17.155,-57.689,32.311,17.155,0.4817,16.834,8.195,0.805,25.334,0.0,,2.06,1,0.2205,2.646,0.0,3.0,3.0,28.0,1.0,0.0,36.04,False,backscatter: 28.0 dB; FSPL/distância: 25.3 dB; polarização: 3.0 dB; orientação/dobra: 3.0 dB,sem falha imediata; validar em bancada por taxa de leitura | verificar perda equivalente da grade/gaiola por cruzamento | testar perda de polarização: antena CP × tag linear pode estar conservadora
PILHA_010,True,-0.066,-0.073,1.0761,ESQ,LEITURA CONFIÁVEL,LEITURA_CONFIAVEL,0.387,18.387,-55.227,34.773,18.387,0.461,5.377,8.918,0.082,24.953,0.0,,2.06,1,0.2099,2.519,0.0,3.0,3.0,28.0,1.0,0.0,35.531,False,backscatter: 28.0 dB; FSPL/distância: 25.0 dB; polarização: 3.0 dB; orientação/dobra: 3.0 dB,sem falha imediata; validar em bancada por taxa de leitura | verificar perda equivalente da grade/gaiola por cruzamento | testar perda de polarização: antena CP × tag linear pode estar conservadora
PILHA_011,True,0.0427,-0.0589,0.9757,DIR,LEITURA CONFIÁVEL,LEITURA_CONFIAVEL,-0.93,17.07,-57.859,32.141,17.07,0.4943,12.647,8.546,0.454,25.559,0.0,,2.06,1,0.2381,2.857,0.0,3.0,3.0,28.0,1.0,0.0,36.475,False,backscatter: 28.0 dB; FSPL/distância: 25.6 dB; polarização: 3.0 dB; orientação/dobra: 3.0 dB,sem falha imediata; validar em bancada por taxa de leitura | verificar perda equivalente da grade/gaiola por cruzamento | testar perda de polarização: antena CP × tag linear pode estar conservadora
PILHA_012,True,0.0172,0.0772,0.9737,DIR,LEITURA CONFIÁVEL,LEITURA_CONFIAVEL,-2.226,15.774,-60.453,29.547,15.774,0.5298,16.558,8.221,0.779,26.16,0.0,,2.06,1,0.269,3.228,0.0,3.0,3.0,28.0,1.0,0.0,37.448,False,backscatter: 28.0 dB; FSPL/distância: 26.2 dB; tecido/enxoval: 3.2 dB; polarização: 3.0 dB,sem falha imediata; validar em bancada por taxa de leitura | verificar perda equivalente da grade/gaiola por cruzamento | testar perda de polarização: antena CP × tag linear pode estar conservadora
PILHA_013,True,0.0053,0.0256,1.0715,DIR,LEITURA CONFIÁVEL,LEITURA_CONFIAVEL,-1.467,16.533,-58.934,31.066,16.533,0.5227,6.178,8.892,0.108,26.044,0.0,,2.06,1,0.2713,3.255,0.0,3.0,3.0,28.0,1.0,0.0,37.359,False,backscatter: 28.0 dB; FSPL/distância: 26.0 dB; tecido/enxoval: 3.3 dB; polarização: 3.0 dB,sem falha imediata; validar em bancada por taxa de leitura | verificar perda equivalente da grade/gaiola por cruzamento | testar perda de polarização: antena CP × tag linear pode estar conservadora
PILHA_014,True,0.1544,-0.0255,1.0025,DIR,LEITURA CONFIÁVEL,LEITURA_CONFIAVEL,2.074,20.074,-51.852,38.148,20.074,0.3786,11.833,8.602,0.398,23.99,0.0,,2.06,1,0.1232,1.479,0.0,3.0,3.0,28.0,1.0,0.0,33.528,True,backscatter: 28.0 dB; FSPL/distância: 24.0 dB; polarização: 3.0 dB; orientação/dobra: 3.0 dB,sem falha imediata; validar em bancada por taxa de leitura | verificar perda equivalente da grade/gaiola por cruzamento | testar perda de polarização: antena CP × tag linear pode estar conservadora
PILHA_015,True,0.1175,-0.0767,1.1524,DIR,LEITURA CONFIÁVEL,LEITURA_CONFIAVEL,1.532,19.532,-52.936,37.064,19.532,0.4165,11.934,8.595,0.405,24.072,0.0,,2.06,1,0.161,1.932,0.0,3.0,3.0,28.0,1.0,0.0,34.063,False,backscatter: 28.0 dB; FSPL/distância: 24.1 dB; polarização: 3.0 dB; orientação/dobra: 3.0 dB,sem falha imediata; validar em bancada por taxa de leitura | verificar perda equivalente da grade/gaiola por cruzamento | testar perda de polarização: antena CP × tag linear pode estar conservadora
PILHA_016,True,-0.0263,0.0144,1.0607,ESQ,LEITURA CONFIÁVEL,LEITURA_CONFIAVEL,-0.821,17.179,-57.642,32.358,17.179,0.501,5.547,8.913,0.087,25.676,0.0,,2.06,1,0.2499,2.998,0.0,3.0,3.0,28.0,1.0,0.0,36.734,False,backscatter: 28.0 dB; FSPL/distância: 25.7 dB; polarização: 3.0 dB; orientação/dobra: 3.0 dB,sem falha imediata; validar em bancada por taxa de leitura | verificar perda equivalente da grade/gaiola por cruzamento | testar perda de polarização: antena CP × tag linear pode estar conservadora
PILHA_017,True,0.0623,-0.0309,0.809,DIR,LEITURA CONFIÁVEL,LEITURA_CONFIAVEL,-3.899,14.101,-63.798,26.202,14.101,0.5362,30.356,6.383,2.617,26.265,0.0,,2.06,1,0.2465,2.957,0.0,3.0,3.0,28.0,1.0,0.0,37.282,False,backscatter: 28.0 dB; FSPL/distância: 26.3 dB; polarização: 3.0 dB; orientação/dobra: 3.0 dB,sem falha imediata; validar em bancada por taxa de leitura | verificar perda equivalente da grade/gaiola por cruzamento | testar perda de polarização: antena CP × tag linear pode estar conservadora
PILHA_018,True,-0.015,-0.113,0.648,ESQ,LEITURA CONFIÁVEL,LEITURA_CONFIAVEL,-9.148,8.852,-74.295,15.705,8.852,0.6735,40.78,4.277,4.723,28.245,0.0,,2.06,1,0.3433,4.12,0.0,3.0,3.0,28.0,1.0,0.0,40.424,False,FSPL/distância: 28.2 dB; backscatter: 28.0 dB; perda angular antena: 4.7 dB; tecido/enxoval: 4.1 dB,sem falha imediata; validar em bancada por taxa de leitura | melhorar geometria: inclinar/rebaixar/adicionar antena; tag fora do lóbulo útil | avaliar tag soterrada: medir atenuação do tecido seco/úmido em bancada | verificar perda equivalente da grade/gaiola por cruzamento | testar perda de polarização: antena CP × tag linear pode estar conservadora
PILHA_019,True,0.0391,0.0126,1.0857,DIR,LEITURA CONFIÁVEL,LEITURA_CONFIAVEL,-0.418,17.582,-56.837,33.163,17.582,0.4878,5.056,8.927,0.073,25.444,0.0,,2.06,1,0.2369,2.842,0.0,3.0,3.0,28.0,1.0,0.0,36.346,False,backscatter: 28.0 dB; FSPL/distância: 25.4 dB; polarização: 3.0 dB; orientação/dobra: 3.0 dB,sem falha imediata; validar em bancada por taxa de leitura | verificar perda equivalente da grade/gaiola por cruzamento | testar perda de polarização: antena CP × tag linear pode estar conservadora
PILHA_020,True,0.0125,0.0554,0.8458,DIR,LEITURA CONFIÁVEL,LEITURA_CONFIAVEL,-4.27,13.73,-64.54,25.46,13.73,0.57,25.941,7.089,1.911,26.795,0.0,,2.06,1,0.292,3.504,0.0,3.0,3.0,28.0,1.0,0.0,38.359,False,backscatter: 28.0 dB; FSPL/distância: 26.8 dB; tecido/enxoval: 3.5 dB; polarização: 3.0 dB,sem falha imediata; validar em bancada por taxa de leitura | verificar perda equivalente da grade/gaiola por cruzamento | testar perda de polarização: antena CP × tag linear pode estar conservadora
PILHA_021,True,-0.1832,-0.2959,0.4281,ESQ,LEITURA MARGINAL,LEITURA_MARGINAL_SEM_FOLGA,-15.804,2.196,-87.608,2.392,2.196,0.7827,64.103,-2.671,11.671,29.55,0.0,,2.06,1,0.2103,2.523,0.0,3.0,3.0,28.0,1.0,0.0,40.133,False,FSPL/distância: 29.6 dB; backscatter: 28.0 dB; perda angular antena: 11.7 dB; polarização: 3.0 dB,marginal: buscar +6 dB de folga para robustez | melhorar geometria: inclinar/rebaixar/adicionar antena; tag fora do lóbulo útil | verificar perda equivalente da grade/gaiola por cruzamento | testar perda de polarização: antena CP × tag linear pode estar conservadora
PILHA_022,True,-0.021,-0.21,0.9213,ESQ,LEITURA CONFIÁVEL,LEITURA_CONFIAVEL,-3.893,14.107,-63.785,26.215,14.107,0.5583,25.463,7.159,1.841,26.615,0.0,,2.06,1,0.2814,3.376,0.0,3.0,3.0,28.0,1.0,0.0,38.051,False,backscatter: 28.0 dB; FSPL/distância: 26.6 dB; tecido/enxoval: 3.4 dB; polarização: 3.0 dB,sem falha imediata; validar em bancada por taxa de leitura | verificar perda equivalente da grade/gaiola por cruzamento | testar perda de polarização: antena CP × tag linear pode estar conservadora
PILHA_023,True,0.0351,0.0589,0.8964,DIR,LEITURA CONFIÁVEL,LEITURA_CONFIAVEL,-2.806,15.194,-61.612,28.388,15.194,0.5307,22.611,7.548,1.452,26.176,0.0,,2.06,1,0.2599,3.119,0.0,3.0,3.0,28.0,1.0,0.0,37.354,False,backscatter: 28.0 dB; FSPL/distância: 26.2 dB; tecido/enxoval: 3.1 dB; polarização: 3.0 dB,sem falha imediata; validar em bancada por taxa de leitura | verificar perda equivalente da grade/gaiola por cruzamento | testar perda de polarização: antena CP × tag linear pode estar conservadora
PILHA_024,True,-0.0063,-0.1494,0.5727,ESQ,LEITURA CONFIÁVEL,LEITURA_CONFIAVEL,-11.425,6.575,-78.85,11.15,6.575,0.7353,45.135,3.214,5.786,29.008,0.0,,2.06,1,0.3809,4.571,0.0,3.0,3.0,28.0,1.0,0.0,41.639,False,FSPL/distância: 29.0 dB; backscatter: 28.0 dB; perda angular antena: 5.8 dB; tecido/enxoval: 4.6 dB,sem falha imediata; validar em bancada por taxa de leitura | melhorar geometria: inclinar/rebaixar/adicionar antena; tag fora do lóbulo útil | avaliar tag soterrada: medir atenuação do tecido seco/úmido em bancada | verificar perda equivalente da grade/gaiola por cruzamento | testar perda de polarização: antena CP × tag linear pode estar conservadora
PILHA_025,True,-0.0784,0.0354,0.7027,ESQ,LEITURA CONFIÁVEL,LEITURA_CONFIAVEL,-6.923,11.077,-69.845,20.155,11.077,0.5883,40.609,4.316,4.684,27.071,0.0,,2.06,1,0.259,3.108,0.0,3.0,3.0,28.0,1.0,0.0,38.239,False,backscatter: 28.0 dB; FSPL/distância: 27.1 dB; perda angular antena: 4.7 dB; tecido/enxoval: 3.1 dB,sem falha imediata; validar em bancada por taxa de leitura | melhorar geometria: inclinar/rebaixar/adicionar antena; tag fora do lóbulo útil | verificar perda equivalente da grade/gaiola por cruzamento | testar perda de polarização: antena CP × tag linear pode estar conservadora
PILHA_026,True,0.1021,-0.0316,1.097,DIR,LEITURA CONFIÁVEL,LEITURA_CONFIAVEL,1.638,19.638,-52.724,37.276,19.638,0.4233,2.312,8.985,0.015,24.211,0.0,,2.06,1,0.1731,2.077,0.0,3.0,3.0,28.0,1.0,0.0,34.347,False,backscatter: 28.0 dB; FSPL/distância: 24.2 dB; polarização: 3.0 dB; orientação/dobra: 3.0 dB,sem falha imediata; validar em bancada por taxa de leitura | verificar perda equivalente da grade/gaiola por cruzamento | testar perda de polarização: antena CP × tag linear pode estar conservadora
PILHA_027,True,-0.0161,-0.0841,0.8386,ESQ,LEITURA CONFIÁVEL,LEITURA_CONFIAVEL,-4.154,13.846,-64.308,25.692,13.846,0.5658,25.925,7.091,1.909,26.732,0.0,,2.06,1,0.2878,3.454,0.0,3.0,3.0,28.0,1.0,0.0,38.245,False,backscatter: 28.0 dB; FSPL/distância: 26.7 dB; tecido/enxoval: 3.5 dB; polarização: 3.0 dB,sem falha imediata; validar em bancada por taxa de leitura | verificar perda equivalente da grade/gaiola por cruzamento | testar perda de polarização: antena CP × tag linear pode estar conservadora
PILHA_028,True,-0.1357,0.0385,0.9771,ESQ,LEITURA CONFIÁVEL,LEITURA_CONFIAVEL,1.315,19.315,-53.37,36.63,19.315,0.4084,17.62,8.118,0.882,23.99,0.0,,2.06,1,0.1461,1.754,0.0,3.0,3.0,28.0,1.0,0.0,33.803,True,backscatter: 28.0 dB; FSPL/distância: 24.0 dB; polarização: 3.0 dB; orientação/dobra: 3.0 dB,sem falha imediata; validar em bancada por taxa de leitura | verificar perda equivalente da grade/gaiola por cruzamento | testar perda de polarização: antena CP × tag linear pode estar conservadora
PILHA_029,True,-0.1136,0.0064,0.7929,ESQ,LEITURA CONFIÁVEL,LEITURA_CONFIAVEL,-3.64,14.36,-63.281,26.719,14.36,0.503,35.123,5.496,3.504,25.709,0.0,,2.06,1,0.1973,2.368,0.0,3.0,3.0,28.0,1.0,0.0,36.136,False,backscatter: 28.0 dB; FSPL/distância: 25.7 dB; perda angular antena: 3.5 dB; polarização: 3.0 dB,sem falha imediata; validar em bancada por taxa de leitura | melhorar geometria: inclinar/rebaixar/adicionar antena; tag fora do lóbulo útil | verificar perda equivalente da grade/gaiola por cruzamento | testar perda de polarização: antena CP × tag linear pode estar conservadora
PILHA_030,True,0.0017,0.1419,0.8626,DIR,LEITURA CONFIÁVEL,LEITURA_CONFIAVEL,-5.11,12.89,-66.22,23.78,12.89,0.5922,27.909,6.788,2.212,27.127,0.0,,2.06,1,0.3093,3.711,0.0,3.0,3.0,28.0,1.0,0.0,38.898,False,backscatter: 28.0 dB; FSPL/distância: 27.1 dB; tecido/enxoval: 3.7 dB; polarização: 3.0 dB,sem falha imediata; validar em bancada por taxa de leitura | verificar perda equivalente da grade/gaiola por cruzamento | testar perda de polarização: antena CP × tag linear pode estar conservadora
PILHA_031,True,0.0141,0.0195,1.2462,DIR,LEITURA CONFIÁVEL,LEITURA_CONFIAVEL,-2.683,15.317,-61.366,28.634,15.317,0.5395,18.748,8.002,0.998,26.319,0.0,,2.06,1,0.2755,3.306,0.0,3.0,3.0,28.0,1.0,0.0,37.685,False,backscatter: 28.0 dB; FSPL/distância: 26.3 dB; tecido/enxoval: 3.3 dB; polarização: 3.0 dB,sem falha imediata; validar em bancada por taxa de leitura | verificar perda equivalente da grade/gaiola por cruzamento | testar perda de polarização: antena CP × tag linear pode estar conservadora
PILHA_032,True,0.028,0.1296,0.6347,DIR,LEITURA CONFIÁVEL,LEITURA_CONFIAVEL,-9.953,8.047,-75.907,14.093,8.047,0.6861,43.588,3.604,5.396,28.406,0.0,,2.06,1,0.341,4.091,0.0,3.0,3.0,28.0,1.0,0.0,40.557,False,FSPL/distância: 28.4 dB; backscatter: 28.0 dB; perda angular antena: 5.4 dB; tecido/enxoval: 4.1 dB,sem falha imediata; validar em bancada por taxa de leitura | melhorar geometria: inclinar/rebaixar/adicionar antena; tag fora do lóbulo útil | avaliar tag soterrada: medir atenuação do tecido seco/úmido em bancada | verificar perda equivalente da grade/gaiola por cruzamento | testar perda de polarização: antena CP × tag linear pode estar conservadora
PILHA_033,True,-0.0728,-0.0345,0.5896,ESQ,LEITURA CONFIÁVEL,LEITURA_CONFIAVEL,-10.161,7.839,-76.323,13.677,7.839,0.6671,47.322,2.64,6.36,28.162,0.0,,2.06,1,0.2983,3.579,0.0,3.0,3.0,28.0,1.0,0.0,39.801,False,FSPL/distância: 28.2 dB; backscatter: 28.0 dB; perda angular antena: 6.4 dB; tecido/enxoval: 3.6 dB,sem falha imediata; validar em bancada por taxa de leitura | melhorar geometria: inclinar/rebaixar/adicionar antena; tag fora do lóbulo útil | verificar perda equivalente da grade/gaiola por cruzamento | testar perda de polarização: antena CP × tag linear pode estar conservadora
PILHA_034,True,-0.0175,-0.1303,0.6763,ESQ,LEITURA CONFIÁVEL,LEITURA_CONFIAVEL,-8.471,9.529,-72.942,17.058,9.529,0.6562,39.34,4.604,4.396,28.02,0.0,,2.06,1,0.333,3.996,0.0,3.0,3.0,28.0,1.0,0.0,40.075,False,FSPL/distância: 28.0 dB; backscatter: 28.0 dB; perda angular antena: 4.4 dB; tecido/enxoval: 4.0 dB,sem falha imediata; validar em bancada por taxa de leitura | melhorar geometria: inclinar/rebaixar/adicionar antena; tag fora do lóbulo útil | verificar perda equivalente da grade/gaiola por cruzamento | testar perda de polarização: antena CP × tag linear pode estar conservadora
PILHA_035,True,-0.2295,-0.0083,0.9088,ESQ,LEITURA CONFIÁVEL,LEITURA_CONFIAVEL,0.714,18.714,-54.571,35.429,18.714,0.3422,30.278,6.396,2.604,23.99,0.0,,2.06,1,0.0527,0.632,0.0,3.0,3.0,28.0,1.0,0.0,32.682,True,backscatter: 28.0 dB; FSPL/distância: 24.0 dB; polarização: 3.0 dB; orientação/dobra: 3.0 dB,sem falha imediata; validar em bancada por taxa de leitura | verificar perda equivalente da grade/gaiola por cruzamento | testar perda de polarização: antena CP × tag linear pode estar conservadora
PILHA_036,True,0.0395,-0.0164,0.6404,DIR,LEITURA CONFIÁVEL,LEITURA_CONFIAVEL,-8.93,9.07,-73.86,16.14,9.07,0.6551,42.172,3.949,5.051,28.005,0.0,,2.06,1,0.3178,3.814,0.0,3.0,3.0,28.0,1.0,0.0,39.879,False,FSPL/distância: 28.0 dB; backscatter: 28.0 dB; perda angular antena: 5.1 dB; tecido/enxoval: 3.8 dB,sem falha imediata; validar em bancada por taxa de leitura | melhorar geometria: inclinar/rebaixar/adicionar antena; tag fora do lóbulo útil | verificar perda equivalente da grade/gaiola por cruzamento | testar perda de polarização: antena CP × tag linear pode estar conservadora
PILHA_037,True,-0.0326,-0.0542,0.8862,ESQ,LEITURA CONFIÁVEL,LEITURA_CONFIAVEL,-2.677,15.323,-61.353,28.647,15.323,0.5297,21.636,7.67,1.33,26.159,0.0,,2.06,1,0.2607,3.129,0.0,3.0,3.0,28.0,1.0,0.0,37.347,False,backscatter: 28.0 dB; FSPL/distância: 26.2 dB; tecido/enxoval: 3.1 dB; polarização: 3.0 dB,sem falha imediata; validar em bancada por taxa de leitura | verificar perda equivalente da grade/gaiola por cruzamento | testar perda de polarização: antena CP × tag linear pode estar conservadora
PILHA_038,True,0.2179,-0.223,0.9848,DIR,LEITURA CONFIÁVEL,LEITURA_CONFIAVEL,-0.37,17.63,-56.74,33.26,17.63,0.375,35.023,5.516,3.484,23.99,0.0,,2.06,1,0.0697,0.837,0.0,3.0,3.0,28.0,1.0,0.0,32.886,True,backscatter: 28.0 dB; FSPL/distância: 24.0 dB; perda angular antena: 3.5 dB; polarização: 3.0 dB,sem falha imediata; validar em bancada por taxa de leitura | melhorar geometria: inclinar/rebaixar/adicionar antena; tag fora do lóbulo útil | verificar perda equivalente da grade/gaiola por cruzamento | testar perda de polarização: antena CP × tag linear pode estar conservadora
PILHA_039,True,-0.0382,-0.0048,1.3443,TOPO,LEITURA CONFIÁVEL,LEITURA_CONFIAVEL,-2.445,15.555,-60.891,29.109,15.555,0.6723,3.906,8.957,0.043,28.229,0.0,,2.06,1,0.1761,2.113,0.0,3.0,3.0,28.0,1.0,0.0,38.402,False,FSPL/distância: 28.2 dB; backscatter: 28.0 dB; polarização: 3.0 dB; orientação/dobra: 3.0 dB,sem falha imediata; validar em bancada por taxa de leitura | verificar perda equivalente da grade/gaiola por cruzamento | testar perda de polarização: antena CP × tag linear pode estar conservadora
PILHA_040,True,-0.2157,0.2579,0.5963,ESQ,LEITURA MARGINAL,LEITURA_MARGINAL_SEM_FOLGA,-12.014,5.986,-80.027,9.973,5.986,0.6423,61.218,-1.644,10.644,27.833,0.0,,2.06,1,0.1231,1.477,0.0,3.0,3.0,28.0,1.0,0.0,37.37,False,backscatter: 28.0 dB; FSPL/distância: 27.8 dB; perda angular antena: 10.6 dB; polarização: 3.0 dB,marginal: buscar +6 dB de folga para robustez | melhorar geometria: inclinar/rebaixar/adicionar antena; tag fora do lóbulo útil | verificar perda equivalente da grade/gaiola por cruzamento | testar perda de polarização: antena CP × tag linear pode estar conservadora
PILHA_041,True,-0.057,0.1885,0.7229,ESQ,LEITURA CONFIÁVEL,LEITURA_CONFIAVEL,-8.173,9.827,-72.346,17.654,9.827,0.628,41.815,4.034,4.966,27.637,0.0,,2.06,1,0.2925,3.51,0.0,3.0,3.0,28.0,1.0,0.0,39.207,False,backscatter: 28.0 dB; FSPL/distância: 27.6 dB; perda angular antena: 5.0 dB; tecido/enxoval: 3.5 dB,sem falha imediata; validar em bancada por taxa de leitura | melhorar geometria: inclinar/rebaixar/adicionar antena; tag fora do lóbulo útil | verificar perda equivalente da grade/gaiola por cruzamento | testar perda de polarização: antena CP × tag linear pode estar conservadora
PILHA_042,True,-0.1006,0.2808,0.6691,ESQ,LEITURA CONFIÁVEL,LEITURA_CONFIAVEL,-10.768,7.232,-77.535,12.465,7.232,0.6675,50.518,1.751,7.249,28.168,0.0,,2.06,1,0.2743,3.292,0.0,3.0,3.0,28.0,1.0,0.0,39.519,False,FSPL/distância: 28.2 dB; backscatter: 28.0 dB; perda angular antena: 7.2 dB; tecido/enxoval: 3.3 dB,sem falha imediata; validar em bancada por taxa de leitura | melhorar geometria: inclinar/rebaixar/adicionar antena; tag fora do lóbulo útil | verificar perda equivalente da grade/gaiola por cruzamento | testar perda de polarização: antena CP × tag linear pode estar conservadora
PILHA_043,True,-0.0032,-0.058,1.0271,ESQ,LEITURA CONFIÁVEL,LEITURA_CONFIAVEL,-1.55,16.45,-59.099,30.901,16.45,0.5252,6.547,8.878,0.122,26.085,0.0,,2.06,1,0.2736,3.283,0.0,3.0,3.0,28.0,1.0,0.0,37.428,False,backscatter: 28.0 dB; FSPL/distância: 26.1 dB; tecido/enxoval: 3.3 dB; polarização: 3.0 dB,sem falha imediata; validar em bancada por taxa de leitura | verificar perda equivalente da grade/gaiola por cruzamento | testar perda de polarização: antena CP × tag linear pode estar conservadora
PILHA_044,True,-0.0963,-0.1132,0.9614,ESQ,LEITURA CONFIÁVEL,LEITURA_CONFIAVEL,-0.104,17.896,-56.208,33.792,17.896,0.4525,18.669,8.01,0.99,24.791,0.0,,2.06,1,0.1886,2.264,0.0,3.0,3.0,28.0,1.0,0.0,35.114,False,backscatter: 28.0 dB; FSPL/distância: 24.8 dB; polarização: 3.0 dB; orientação/dobra: 3.0 dB,sem falha imediata; validar em bancada por taxa de leitura | verificar perda equivalente da grade/gaiola por cruzamento | testar perda de polarização: antena CP × tag linear pode estar conservadora
PILHA_045,True,0.2149,0.2439,0.9426,DIR,LEITURA CONFIÁVEL,LEITURA_CONFIAVEL,-3.206,14.794,-62.412,27.588,14.794,0.4359,44.664,3.334,5.666,24.467,0.0,,2.06,1,0.0844,1.013,0.0,3.0,3.0,28.0,1.0,0.0,33.54,False,backscatter: 28.0 dB; FSPL/distância: 24.5 dB; perda angular antena: 5.7 dB; polarização: 3.0 dB,sem falha imediata; validar em bancada por taxa de leitura | melhorar geometria: inclinar/rebaixar/adicionar antena; tag fora do lóbulo útil | verificar perda equivalente da grade/gaiola por cruzamento | testar perda de polarização: antena CP × tag linear pode estar conservadora
PILHA_046,True,0.0172,-0.0364,1.1855,DIR,LEITURA CONFIÁVEL,LEITURA_CONFIAVEL,-1.588,16.412,-59.175,30.825,16.412,0.5186,11.76,8.607,0.393,25.976,0.0,,2.06,1,0.2633,3.159,0.0,3.0,3.0,28.0,1.0,0.0,37.195,False,backscatter: 28.0 dB; FSPL/distância: 26.0 dB; tecido/enxoval: 3.2 dB; polarização: 3.0 dB,sem falha imediata; validar em bancada por taxa de leitura | verificar perda equivalente da grade/gaiola por cruzamento | testar perda de polarização: antena CP × tag linear pode estar conservadora
PILHA_047,True,0.1207,0.0162,0.6261,DIR,LEITURA CONFIÁVEL,LEITURA_CONFIAVEL,-8.899,9.101,-73.797,16.203,9.101,0.6096,48.45,2.333,6.667,27.379,0.0,,2.06,1,0.2327,2.792,0.0,3.0,3.0,28.0,1.0,0.0,38.231,False,backscatter: 28.0 dB; FSPL/distância: 27.4 dB; perda angular antena: 6.7 dB; polarização: 3.0 dB,sem falha imediata; validar em bancada por taxa de leitura | melhorar geometria: inclinar/rebaixar/adicionar antena; tag fora do lóbulo útil | verificar perda equivalente da grade/gaiola por cruzamento | testar perda de polarização: antena CP × tag linear pode estar conservadora
PILHA_048,True,0.1297,0.1527,0.8769,DIR,LEITURA CONFIÁVEL,LEITURA_CONFIAVEL,-2.9,15.1,-61.8,28.2,15.1,0.4805,34.645,5.591,3.409,25.312,0.0,,2.06,1,0.1766,2.119,0.0,3.0,3.0,28.0,1.0,0.0,35.491,False,backscatter: 28.0 dB; FSPL/distância: 25.3 dB; perda angular antena: 3.4 dB; polarização: 3.0 dB,sem falha imediata; validar em bancada por taxa de leitura | melhorar geometria: inclinar/rebaixar/adicionar antena; tag fora do lóbulo útil | verificar perda equivalente da grade/gaiola por cruzamento | testar perda de polarização: antena CP × tag linear pode estar conservadora
PILHA_049,True,0.1148,-0.0981,0.7053,DIR,LEITURA CONFIÁVEL,LEITURA_CONFIAVEL,-6.542,11.458,-69.085,20.915,11.458,0.5597,42.878,3.778,5.222,26.638,0.0,,2.06,1,0.2186,2.623,0.0,3.0,3.0,28.0,1.0,0.0,37.32,False,backscatter: 28.0 dB; FSPL/distância: 26.6 dB; perda angular antena: 5.2 dB; polarização: 3.0 dB,sem falha imediata; validar em bancada por taxa de leitura | melhorar geometria: inclinar/rebaixar/adicionar antena; tag fora do lóbulo útil | verificar perda equivalente da grade/gaiola por cruzamento | testar perda de polarização: antena CP × tag linear pode estar conservadora
PILHA_050,True,0.2595,0.0005,0.4927,DIR,LEITURA MARGINAL,LEITURA_MARGINAL_SEM_FOLGA,-12.646,5.354,-81.292,8.708,5.354,0.6453,65.704,-3.261,12.261,27.873,0.0,,2.06,1,0.0377,0.452,0.0,3.0,3.0,28.0,1.0,0.0,36.385,False,backscatter: 28.0 dB; FSPL/distância: 27.9 dB; perda angular antena: 12.3 dB; polarização: 3.0 dB,marginal: buscar +6 dB de folga para robustez | melhorar geometria: inclinar/rebaixar/adicionar antena; tag fora do lóbulo útil | verificar perda equivalente da grade/gaiola por cruzamento | testar perda de polarização: antena CP × tag linear pode estar conservadora
PILHA_051,True,0.1106,0.008,1.0745,DIR,LEITURA CONFIÁVEL,LEITURA_CONFIAVEL,1.815,19.815,-52.37,37.63,19.815,0.4162,5.296,8.92,0.08,24.064,0.0,,2.06,1,0.1651,1.981,0.0,3.0,3.0,28.0,1.0,0.0,34.105,False,backscatter: 28.0 dB; FSPL/distância: 24.1 dB; polarização: 3.0 dB; orientação/dobra: 3.0 dB,sem falha imediata; validar em bancada por taxa de leitura | verificar perda equivalente da grade/gaiola por cruzamento | testar perda de polarização: antena CP × tag linear pode estar conservadora
PILHA_052,True,-0.0038,-0.0747,0.6275,ESQ,LEITURA CONFIÁVEL,LEITURA_CONFIAVEL,-9.653,8.347,-75.306,14.694,8.347,0.6917,41.104,4.201,4.799,28.476,0.0,,2.06,1,0.3599,4.319,0.0,3.0,3.0,28.0,1.0,0.0,40.854,False,FSPL/distância: 28.5 dB; backscatter: 28.0 dB; perda angular antena: 4.8 dB; tecido/enxoval: 4.3 dB,sem falha imediata; validar em bancada por taxa de leitura | melhorar geometria: inclinar/rebaixar/adicionar antena; tag fora do lóbulo útil | avaliar tag soterrada: medir atenuação do tecido seco/úmido em bancada | verificar perda equivalente da grade/gaiola por cruzamento | testar perda de polarização: antena CP × tag linear pode estar conservadora
PILHA_053,True,-0.0263,0.0811,0.6017,ESQ,LEITURA CONFIÁVEL,LEITURA_CONFIAVEL,-10.467,7.533,-76.933,13.067,7.533,0.6999,44.556,3.362,5.638,28.58,0.0,,2.06,1,0.3491,4.189,0.0,3.0,3.0,28.0,1.0,0.0,40.828,False,FSPL/distância: 28.6 dB; backscatter: 28.0 dB; perda angular antena: 5.6 dB; tecido/enxoval: 4.2 dB,sem falha imediata; validar em bancada por taxa de leitura | melhorar geometria: inclinar/rebaixar/adicionar antena; tag fora do lóbulo útil | avaliar tag soterrada: medir atenuação do tecido seco/úmido em bancada | verificar perda equivalente da grade/gaiola por cruzamento | testar perda de polarização: antena CP × tag linear pode estar conservadora
PILHA_054,True,-0.038,-0.029,1.1607,ESQ,LEITURA CONFIÁVEL,LEITURA_CONFIAVEL,-0.739,17.261,-57.478,32.522,17.261,0.4936,9.406,8.749,0.251,25.546,0.0,,2.06,1,0.2402,2.882,0.0,3.0,3.0,28.0,1.0,0.0,36.488,False,backscatter: 28.0 dB; FSPL/distância: 25.5 dB; polarização: 3.0 dB; orientação/dobra: 3.0 dB,sem falha imediata; validar em bancada por taxa de leitura | verificar perda equivalente da grade/gaiola por cruzamento | testar perda de polarização: antena CP × tag linear pode estar conservadora
PILHA_055,True,0.1051,-0.0137,0.753,DIR,LEITURA CONFIÁVEL,LEITURA_CONFIAVEL,-4.939,13.061,-65.879,24.121,13.061,0.5325,37.945,4.91,4.09,26.205,0.0,,2.06,1,0.2155,2.586,0.0,3.0,3.0,28.0,1.0,0.0,36.85,False,backscatter: 28.0 dB; FSPL/distância: 26.2 dB; perda angular antena: 4.1 dB; polarização: 3.0 dB,sem falha imediata; validar em bancada por taxa de leitura | melhorar geometria: inclinar/rebaixar/adicionar antena; tag fora do lóbulo útil | verificar perda equivalente da grade/gaiola por cruzamento | testar perda de polarização: antena CP × tag linear pode estar conservadora
PILHA_056,True,0.0191,0.0156,0.6597,DIR,LEITURA CONFIÁVEL,LEITURA_CONFIAVEL,-8.639,9.361,-73.278,16.722,9.361,0.6593,39.879,4.483,4.517,28.06,0.0,,2.06,1,0.3335,4.002,0.0,3.0,3.0,28.0,1.0,0.0,40.122,False,FSPL/distância: 28.1 dB; backscatter: 28.0 dB; perda angular antena: 4.5 dB; tecido/enxoval: 4.0 dB,sem falha imediata; validar em bancada por taxa de leitura | melhorar geometria: inclinar/rebaixar/adicionar antena; tag fora do lóbulo útil | avaliar tag soterrada: medir atenuação do tecido seco/úmido em bancada | verificar perda equivalente da grade/gaiola por cruzamento | testar perda de polarização: antena CP × tag linear pode estar conservadora
PILHA_057,True,0.0179,0.223,1.3704,TOPO,LEITURA CONFIÁVEL,LEITURA_CONFIAVEL,-3.787,14.213,-63.574,26.426,14.213,0.6927,21.478,7.69,1.31,28.489,0.0,,2.06,1,0.1607,1.929,0.0,3.0,3.0,28.0,1.0,0.0,38.477,False,FSPL/distância: 28.5 dB; backscatter: 28.0 dB; polarização: 3.0 dB; orientação/dobra: 3.0 dB,sem falha imediata; validar em bancada por taxa de leitura | verificar perda equivalente da grade/gaiola por cruzamento | testar perda de polarização: antena CP × tag linear pode estar conservadora
PILHA_058,True,0.1674,-0.0202,1.2617,DIR,LEITURA CONFIÁVEL,LEITURA_CONFIAVEL,0.436,18.436,-55.129,34.871,18.436,0.4012,26.971,6.934,2.066,23.99,0.0,,2.06,1,0.1207,1.449,0.0,3.0,3.0,28.0,1.0,0.0,33.498,True,backscatter: 28.0 dB; FSPL/distância: 24.0 dB; polarização: 3.0 dB; orientação/dobra: 3.0 dB,sem falha imediata; validar em bancada por taxa de leitura | verificar perda equivalente da grade/gaiola por cruzamento | testar perda de polarização: antena CP × tag linear pode estar conservadora
PILHA_059,True,0.0947,-0.0646,0.763,DIR,LEITURA CONFIÁVEL,LEITURA_CONFIAVEL,-4.799,13.201,-65.598,24.402,13.201,0.5355,36.543,5.207,3.793,26.254,0.0,,2.06,1,0.2244,2.692,0.0,3.0,3.0,28.0,1.0,0.0,37.006,False,backscatter: 28.0 dB; FSPL/distância: 26.3 dB; perda angular antena: 3.8 dB; polarização: 3.0 dB,sem falha imediata; validar em bancada por taxa de leitura | melhorar geometria: inclinar/rebaixar/adicionar antena; tag fora do lóbulo útil | verificar perda equivalente da grade/gaiola por cruzamento | testar perda de polarização: antena CP × tag linear pode estar conservadora
PILHA_060,True,-0.0128,-0.0941,0.7929,ESQ,LEITURA CONFIÁVEL,LEITURA_CONFIAVEL,-5.327,12.673,-66.653,23.347,12.673,0.5907,29.866,6.467,2.533,27.105,0.0,,2.06,1,0.3024,3.629,0.0,3.0,3.0,28.0,1.0,0.0,38.793,False,backscatter: 28.0 dB; FSPL/distância: 27.1 dB; tecido/enxoval: 3.6 dB; polarização: 3.0 dB,sem falha imediata; validar em bancada por taxa de leitura | verificar perda equivalente da grade/gaiola por cruzamento | testar perda de polarização: antena CP × tag linear pode estar conservadora
PILHA_061,True,0.0883,-0.0083,0.4981,DIR,LEITURA MARGINAL,LEITURA_MARGINAL_SEM_FOLGA,-12.73,5.27,-81.46,8.54,5.27,0.7278,53.13,0.983,8.017,28.919,0.0,,2.06,1,0.3112,3.734,0.0,3.0,3.0,28.0,1.0,0.0,40.712,False,FSPL/distância: 28.9 dB; backscatter: 28.0 dB; perda angular antena: 8.0 dB; tecido/enxoval: 3.7 dB,marginal: buscar +6 dB de folga para robustez | melhorar geometria: inclinar/rebaixar/adicionar antena; tag fora do lóbulo útil | verificar perda equivalente da grade/gaiola por cruzamento | testar perda de polarização: antena CP × tag linear pode estar conservadora
PILHA_062,True,0.1673,-0.114,0.6568,DIR,LEITURA CONFIÁVEL,LEITURA_CONFIAVEL,-7.932,10.068,-71.864,18.136,10.068,0.5605,50.341,1.802,7.198,26.65,0.0,,2.06,1,0.1688,2.025,0.0,3.0,3.0,28.0,1.0,0.0,36.734,False,backscatter: 28.0 dB; FSPL/distância: 26.6 dB; perda angular antena: 7.2 dB; polarização: 3.0 dB,sem falha imediata; validar em bancada por taxa de leitura | melhorar geometria: inclinar/rebaixar/adicionar antena; tag fora do lóbulo útil | verificar perda equivalente da grade/gaiola por cruzamento | testar perda de polarização: antena CP × tag linear pode estar conservadora
PILHA_063,True,-0.2171,-0.2687,1.0333,ESQ,LEITURA CONFIÁVEL,LEITURA_CONFIAVEL,-1.104,16.896,-58.207,31.793,16.896,0.3924,38.31,4.832,4.168,23.99,0.0,,2.06,1,0.0738,0.886,0.0,3.0,3.0,28.0,1.0,0.0,32.935,True,backscatter: 28.0 dB; FSPL/distância: 24.0 dB; perda angular antena: 4.2 dB; polarização: 3.0 dB,sem falha imediata; validar em bancada por taxa de leitura | melhorar geometria: inclinar/rebaixar/adicionar antena; tag fora do lóbulo útil | verificar perda equivalente da grade/gaiola por cruzamento | testar perda de polarização: antena CP × tag linear pode estar conservadora
PILHA_064,True,0.1358,-0.0874,0.8611,DIR,LEITURA CONFIÁVEL,LEITURA_CONFIAVEL,-1.323,16.677,-58.647,31.353,16.677,0.4502,30.174,6.414,2.586,24.746,0.0,,2.06,1,0.161,1.932,0.0,3.0,3.0,28.0,1.0,0.0,34.737,False,backscatter: 28.0 dB; FSPL/distância: 24.7 dB; polarização: 3.0 dB; orientação/dobra: 3.0 dB,sem falha imediata; validar em bancada por taxa de leitura | verificar perda equivalente da grade/gaiola por cruzamento | testar perda de polarização: antena CP × tag linear pode estar conservadora
PILHA_065,True,-0.184,-0.1335,0.5043,ESQ,LEITURA MARGINAL,LEITURA_MARGINAL_SEM_FOLGA,-12.661,5.339,-81.321,8.679,5.339,0.6771,59.754,-1.141,10.141,28.291,0.0,,2.06,1,0.1807,2.169,0.0,3.0,3.0,28.0,1.0,0.0,38.519,False,FSPL/distância: 28.3 dB; backscatter: 28.0 dB; perda angular antena: 10.1 dB; polarização: 3.0 dB,marginal: buscar +6 dB de folga para robustez | melhorar geometria: inclinar/rebaixar/adicionar antena; tag fora do lóbulo útil | verificar perda equivalente da grade/gaiola por cruzamento | testar perda de polarização: antena CP × tag linear pode estar conservadora
PILHA_066,True,-0.0187,-0.0236,0.9757,ESQ,LEITURA CONFIÁVEL,LEITURA_CONFIAVEL,-1.533,16.467,-59.067,30.933,16.467,0.517,11.66,8.614,0.386,25.947,0.0,,2.06,1,0.2617,3.14,0.0,3.0,3.0,28.0,1.0,0.0,37.147,False,backscatter: 28.0 dB; FSPL/distância: 25.9 dB; tecido/enxoval: 3.1 dB; polarização: 3.0 dB,sem falha imediata; validar em bancada por taxa de leitura | verificar perda equivalente da grade/gaiola por cruzamento | testar perda de polarização: antena CP × tag linear pode estar conservadora
PILHA_067,True,0.037,0.0897,0.9573,DIR,LEITURA CONFIÁVEL,LEITURA_CONFIAVEL,-2.101,15.899,-60.203,29.797,15.899,0.5172,19.356,7.936,1.064,25.951,0.0,,2.06,1,0.2522,3.026,0.0,3.0,3.0,28.0,1.0,0.0,37.037,False,backscatter: 28.0 dB; FSPL/distância: 26.0 dB; tecido/enxoval: 3.0 dB; polarização: 3.0 dB,sem falha imediata; validar em bancada por taxa de leitura | verificar perda equivalente da grade/gaiola por cruzamento | testar perda de polarização: antena CP × tag linear pode estar conservadora
PILHA_068,True,0.0042,0.0,0.7468,DIR,LEITURA CONFIÁVEL,LEITURA_CONFIAVEL,-6.474,11.526,-68.947,21.053,11.526,0.619,32.712,5.961,3.039,27.512,0.0,,2.06,1,0.3219,3.863,0.0,3.0,3.0,28.0,1.0,0.0,39.434,False,backscatter: 28.0 dB; FSPL/distância: 27.5 dB; tecido/enxoval: 3.9 dB; perda angular antena: 3.0 dB,sem falha imediata; validar em bancada por taxa de leitura | melhorar geometria: inclinar/rebaixar/adicionar antena; tag fora do lóbulo útil | verificar perda equivalente da grade/gaiola por cruzamento | testar perda de polarização: antena CP × tag linear pode estar conservadora
PILHA_069,True,-0.0076,0.1854,1.2976,TOPO,LEITURA CONFIÁVEL,LEITURA_CONFIAVEL,-4.809,13.191,-65.618,24.382,13.191,0.7491,16.722,8.206,0.794,29.169,0.0,,2.06,1,0.2322,2.787,0.0,3.0,3.0,28.0,1.0,0.0,40.015,False,FSPL/distância: 29.2 dB; backscatter: 28.0 dB; polarização: 3.0 dB; orientação/dobra: 3.0 dB,sem falha imediata; validar em bancada por taxa de leitura | verificar perda equivalente da grade/gaiola por cruzamento | testar perda de polarização: antena CP × tag linear pode estar conservadora
PILHA_070,True,-0.06,-0.0985,1.2059,ESQ,LEITURA CONFIÁVEL,LEITURA_CONFIAVEL,-1.016,16.984,-58.031,31.969,16.984,0.4866,17.128,8.167,0.833,25.422,0.0,,2.06,1,0.225,2.7,0.0,3.0,3.0,28.0,1.0,0.0,36.182,False,backscatter: 28.0 dB; FSPL/distância: 25.4 dB; polarização: 3.0 dB; orientação/dobra: 3.0 dB,sem falha imediata; validar em bancada por taxa de leitura | verificar perda equivalente da grade/gaiola por cruzamento | testar perda de polarização: antena CP × tag linear pode estar conservadora
PILHA_071,True,0.0377,-0.1545,1.1426,DIR,LEITURA CONFIÁVEL,LEITURA_CONFIAVEL,-1.52,16.48,-59.04,30.96,16.48,0.5068,15.961,8.276,0.724,25.775,0.0,,2.06,1,0.2468,2.961,0.0,3.0,3.0,28.0,1.0,0.0,36.796,False,backscatter: 28.0 dB; FSPL/distância: 25.8 dB; polarização: 3.0 dB; orientação/dobra: 3.0 dB,sem falha imediata; validar em bancada por taxa de leitura | verificar perda equivalente da grade/gaiola por cruzamento | testar perda de polarização: antena CP × tag linear pode estar conservadora
PILHA_072,True,0.2638,0.1873,1.2554,DIR,LEITURA CONFIÁVEL,LEITURA_CONFIAVEL,-2.495,15.505,-60.991,29.009,15.505,0.3824,46.904,2.751,6.249,23.99,0.0,,2.06,1,0.0164,0.197,0.0,3.0,3.0,28.0,1.0,0.0,32.247,True,backscatter: 28.0 dB; FSPL/distância: 24.0 dB; perda angular antena: 6.2 dB; polarização: 3.0 dB,sem falha imediata; validar em bancada por taxa de leitura | melhorar geometria: inclinar/rebaixar/adicionar antena; tag fora do lóbulo útil | verificar perda equivalente da grade/gaiola por cruzamento | testar perda de polarização: antena CP × tag linear pode estar conservadora
PILHA_073,True,-0.023,-0.0092,0.8595,ESQ,LEITURA CONFIÁVEL,LEITURA_CONFIAVEL,-3.44,14.56,-62.88,27.12,14.56,0.5487,23.803,7.391,1.609,26.465,0.0,,2.06,1,0.2755,3.306,0.0,3.0,3.0,28.0,1.0,0.0,37.831,False,backscatter: 28.0 dB; FSPL/distância: 26.5 dB; tecido/enxoval: 3.3 dB; polarização: 3.0 dB,sem falha imediata; validar em bancada por taxa de leitura | verificar perda equivalente da grade/gaiola por cruzamento | testar perda de polarização: antena CP × tag linear pode estar conservadora
PILHA_074,True,0.1156,-0.2273,0.8632,DIR,LEITURA CONFIÁVEL,LEITURA_CONFIAVEL,-3.733,14.267,-63.465,26.535,14.267,0.5035,35.609,5.398,3.602,25.719,0.0,,2.06,1,0.196,2.353,0.0,3.0,3.0,28.0,1.0,0.0,36.131,False,backscatter: 28.0 dB; FSPL/distância: 25.7 dB; perda angular antena: 3.6 dB; polarização: 3.0 dB,sem falha imediata; validar em bancada por taxa de leitura | melhorar geometria: inclinar/rebaixar/adicionar antena; tag fora do lóbulo útil | verificar perda equivalente da grade/gaiola por cruzamento | testar perda de polarização: antena CP × tag linear pode estar conservadora
PILHA_075,True,0.0233,-0.0329,0.4984,DIR,LEITURA MARGINAL,LEITURA_MARGINAL_SEM_FOLGA,-12.951,5.049,-81.903,8.097,5.049,0.7681,49.217,2.12,6.88,29.387,0.0,,2.06,1,0.3854,4.625,0.0,3.0,3.0,28.0,1.0,0.0,42.072,False,FSPL/distância: 29.4 dB; backscatter: 28.0 dB; perda angular antena: 6.9 dB; tecido/enxoval: 4.6 dB,marginal: buscar +6 dB de folga para robustez | melhorar geometria: inclinar/rebaixar/adicionar antena; tag fora do lóbulo útil | avaliar tag soterrada: medir atenuação do tecido seco/úmido em bancada | verificar perda equivalente da grade/gaiola por cruzamento | testar perda de polarização: antena CP × tag linear pode estar conservadora
PILHA_076,True,0.1357,-0.1359,1.1273,DIR,LEITURA CONFIÁVEL,LEITURA_CONFIAVEL,1.425,19.425,-53.15,36.85,19.425,0.4062,16.587,8.219,0.781,23.99,0.0,,2.06,1,0.1453,1.744,0.0,3.0,3.0,28.0,1.0,0.0,33.793,True,backscatter: 28.0 dB; FSPL/distância: 24.0 dB; polarização: 3.0 dB; orientação/dobra: 3.0 dB,sem falha imediata; validar em bancada por taxa de leitura | verificar perda equivalente da grade/gaiola por cruzamento | testar perda de polarização: antena CP × tag linear pode estar conservadora
PILHA_077,True,-0.0048,-0.0933,0.8397,ESQ,LEITURA CONFIÁVEL,LEITURA_CONFIAVEL,-4.398,13.602,-64.796,25.204,13.602,0.5765,25.531,7.149,1.851,26.894,0.0,,2.06,1,0.2994,3.593,0.0,3.0,3.0,28.0,1.0,0.0,38.547,False,backscatter: 28.0 dB; FSPL/distância: 26.9 dB; tecido/enxoval: 3.6 dB; polarização: 3.0 dB,sem falha imediata; validar em bancada por taxa de leitura | verificar perda equivalente da grade/gaiola por cruzamento | testar perda de polarização: antena CP × tag linear pode estar conservadora
PILHA_078,True,0.229,-0.0118,0.714,DIR,LEITURA CONFIÁVEL,LEITURA_CONFIAVEL,-5.485,12.515,-66.969,23.031,12.515,0.471,51.067,1.593,7.407,25.14,0.0,,2.06,1,0.0732,0.879,0.0,3.0,3.0,28.0,1.0,0.0,34.078,False,backscatter: 28.0 dB; FSPL/distância: 25.1 dB; perda angular antena: 7.4 dB; polarização: 3.0 dB,sem falha imediata; validar em bancada por taxa de leitura | melhorar geometria: inclinar/rebaixar/adicionar antena; tag fora do lóbulo útil | verificar perda equivalente da grade/gaiola por cruzamento | testar perda de polarização: antena CP × tag linear pode estar conservadora
PILHA_079,True,0.137,0.0389,1.1187,DIR,LEITURA CONFIÁVEL,LEITURA_CONFIAVEL,1.884,19.884,-52.231,37.769,19.884,0.3959,11.512,8.624,0.376,23.99,0.0,,2.06,1,0.1408,1.69,0.0,3.0,3.0,28.0,1.0,0.0,33.739,True,backscatter: 28.0 dB; FSPL/distância: 24.0 dB; polarização: 3.0 dB; orientação/dobra: 3.0 dB,sem falha imediata; validar em bancada por taxa de leitura | verificar perda equivalente da grade/gaiola por cruzamento | testar perda de polarização: antena CP × tag linear pode estar conservadora
PILHA_080,True,0.0052,-0.0618,1.1575,DIR,LEITURA CONFIÁVEL,LEITURA_CONFIAVEL,-1.683,16.317,-59.365,30.635,16.317,0.5265,9.154,8.762,0.238,26.106,0.0,,2.06,1,0.2733,3.279,0.0,3.0,3.0,28.0,1.0,0.0,37.445,False,backscatter: 28.0 dB; FSPL/distância: 26.1 dB; tecido/enxoval: 3.3 dB; polarização: 3.0 dB,sem falha imediata; validar em bancada por taxa de leitura | verificar perda equivalente da grade/gaiola por cruzamento | testar perda de polarização: antena CP × tag linear pode estar conservadora
SOTERRADA_CENTRO_01,True,-0.0259,0.0194,0.37,ESQ,LEITURA MARGINAL,LEITURA_MARGINAL_SEM_FOLGA,-16.64,1.36,-89.279,0.721,0.721,0.8693,54.961,0.421,8.579,30.461,0.0,,2.06,1,0.4338,5.206,0.333,3.0,3.0,28.0,1.0,0.0,44.06,False,FSPL/distância: 30.5 dB; backscatter: 28.0 dB; perda angular antena: 8.6 dB; tecido/enxoval: 5.2 dB,marginal: buscar +6 dB de folga para robustez | melhorar geometria: inclinar/rebaixar/adicionar antena; tag fora do lóbulo útil | avaliar tag soterrada: medir atenuação do tecido seco/úmido em bancada | verificar perda equivalente da grade/gaiola por cruzamento | testar perda de polarização: antena CP × tag linear pode estar conservadora
SOTERRADA_CENTRO_02,True,-0.0042,0.029,0.47,ESQ,LEITURA MARGINAL,LEITURA_MARGINAL_SEM_FOLGA,-13.863,4.137,-83.727,6.273,4.137,0.8043,49.642,2.001,6.999,29.786,0.0,,2.06,1,0.4182,5.018,0.0,3.0,3.0,28.0,1.0,0.0,42.864,False,FSPL/distância: 29.8 dB; backscatter: 28.0 dB; perda angular antena: 7.0 dB; tecido/enxoval: 5.0 dB,marginal: buscar +6 dB de folga para robustez | melhorar geometria: inclinar/rebaixar/adicionar antena; tag fora do lóbulo útil | avaliar tag soterrada: medir atenuação do tecido seco/úmido em bancada | verificar perda equivalente da grade/gaiola por cruzamento | testar perda de polarização: antena CP × tag linear pode estar conservadora
SOTERRADA_CENTRO_03,True,0.0165,0.0452,0.57,DIR,LEITURA CONFIÁVEL,LEITURA_CONFIAVEL,-11.203,6.797,-78.406,11.594,6.797,0.7241,45.393,3.148,5.852,28.874,0.0,,2.06,1,0.3681,4.417,0.0,3.0,3.0,28.0,1.0,0.0,41.351,False,FSPL/distância: 28.9 dB; backscatter: 28.0 dB; perda angular antena: 5.9 dB; tecido/enxoval: 4.4 dB,sem falha imediata; validar em bancada por taxa de leitura | melhorar geometria: inclinar/rebaixar/adicionar antena; tag fora do lóbulo útil | avaliar tag soterrada: medir atenuação do tecido seco/úmido em bancada | verificar perda equivalente da grade/gaiola por cruzamento | testar perda de polarização: antena CP × tag linear pode estar conservadora
SOTERRADA_CENTRO_04,True,0.0161,-0.039,0.67,DIR,LEITURA CONFIÁVEL,LEITURA_CONFIAVEL,-8.324,9.676,-72.648,17.352,9.676,0.6536,38.862,4.71,4.29,27.985,0.0,,2.06,1,0.3325,3.99,0.0,3.0,3.0,28.0,1.0,0.0,40.034,False,backscatter: 28.0 dB; FSPL/distância: 28.0 dB; perda angular antena: 4.3 dB; tecido/enxoval: 4.0 dB,sem falha imediata; validar em bancada por taxa de leitura | melhorar geometria: inclinar/rebaixar/adicionar antena; tag fora do lóbulo útil | verificar perda equivalente da grade/gaiola por cruzamento | testar perda de polarização: antena CP × tag linear pode estar conservadora
SOTERRADA_CENTRO_05,True,-0.0015,-0.0291,0.77,ESQ,LEITURA CONFIÁVEL,LEITURA_CONFIAVEL,-5.902,12.098,-67.803,22.197,12.098,0.6084,30.631,6.335,2.665,27.363,0.0,,2.06,1,0.3179,3.815,0.0,3.0,3.0,28.0,1.0,0.0,39.237,False,backscatter: 28.0 dB; FSPL/distância: 27.4 dB; tecido/enxoval: 3.8 dB; polarização: 3.0 dB,sem falha imediata; validar em bancada por taxa de leitura | verificar perda equivalente da grade/gaiola por cruzamento | testar perda de polarização: antena CP × tag linear pode estar conservadora
SOTERRADA_CENTRO_06,True,-0.0114,0.0375,0.87,ESQ,LEITURA CONFIÁVEL,LEITURA_CONFIAVEL,-3.662,14.338,-63.325,26.675,14.338,0.559,23.242,7.466,1.534,26.626,0.0,,2.06,1,0.2869,3.443,0.0,3.0,3.0,28.0,1.0,0.0,38.128,False,backscatter: 28.0 dB; FSPL/distância: 26.6 dB; tecido/enxoval: 3.4 dB; polarização: 3.0 dB,sem falha imediata; validar em bancada por taxa de leitura | verificar perda equivalente da grade/gaiola por cruzamento | testar perda de polarização: antena CP × tag linear pode estar conservadora
SOTERRADA_CENTRO_07,True,0.014,-0.0173,0.97,DIR,LEITURA CONFIÁVEL,LEITURA_CONFIAVEL,-1.734,16.266,-59.468,30.532,16.266,0.5228,12.227,8.575,0.425,26.046,0.0,,2.06,1,0.267,3.204,0.0,3.0,3.0,28.0,1.0,0.0,37.31,False,backscatter: 28.0 dB; FSPL/distância: 26.0 dB; tecido/enxoval: 3.2 dB; polarização: 3.0 dB,sem falha imediata; validar em bancada por taxa de leitura | verificar perda equivalente da grade/gaiola por cruzamento | testar perda de polarização: antena CP × tag linear pode estar conservadora
SOTERRADA_CENTRO_08,True,-0.0223,0.0008,1.07,ESQ,LEITURA CONFIÁVEL,LEITURA_CONFIAVEL,-0.859,17.141,-57.719,32.281,17.141,0.5037,3.687,8.961,0.039,25.723,0.0,,2.06,1,0.2532,3.039,0.0,3.0,3.0,28.0,1.0,0.0,36.821,False,backscatter: 28.0 dB; FSPL/distância: 25.7 dB; tecido/enxoval: 3.0 dB; polarização: 3.0 dB,sem falha imediata; validar em bancada por taxa de leitura | verificar perda equivalente da grade/gaiola por cruzamento | testar perda de polarização: antena CP × tag linear pode estar conservadora
SOTERRADA_CENTRO_09,True,-0.0268,-0.0166,1.17,ESQ,LEITURA CONFIÁVEL,LEITURA_CONFIAVEL,-1.161,16.839,-58.323,31.677,16.839,0.5065,10.349,8.696,0.304,25.77,0.0,,2.06,1,0.2523,3.028,0.0,3.0,3.0,28.0,1.0,0.0,36.857,False,backscatter: 28.0 dB; FSPL/distância: 25.8 dB; tecido/enxoval: 3.0 dB; polarização: 3.0 dB,sem falha imediata; validar em bancada por taxa de leitura | verificar perda equivalente da grade/gaiola por cruzamento | testar perda de polarização: antena CP × tag linear pode estar conservadora
SOTERRADA_CENTRO_10,True,0.0069,0.0287,1.27,DIR,LEITURA CONFIÁVEL,LEITURA_CONFIAVEL,-3.322,14.678,-62.644,27.356,14.678,0.555,20.995,7.748,1.252,26.564,0.0,,2.06,1,0.2872,3.446,0.0,3.0,3.0,28.0,1.0,0.0,38.07,False,backscatter: 28.0 dB; FSPL/distância: 26.6 dB; tecido/enxoval: 3.4 dB; polarização: 3.0 dB,sem falha imediata; validar em bancada por taxa de leitura | verificar perda equivalente da grade/gaiola por cruzamento | testar perda de polarização: antena CP × tag linear pode estar conservadora
SOTERRADA_CENTRO_11,True,0.0134,-0.0496,1.37,TOPO,LEITURA CONFIÁVEL,LEITURA_CONFIAVEL,-1.749,16.251,-59.498,30.502,16.251,0.6454,2.108,8.987,0.013,27.875,0.0,,2.06,1,0.1501,1.801,0.0,3.0,3.0,28.0,1.0,0.0,37.736,False,backscatter: 28.0 dB; FSPL/distância: 27.9 dB; polarização: 3.0 dB; orientação/dobra: 3.0 dB,sem falha imediata; validar em bancada por taxa de leitura | verificar perda equivalente da grade/gaiola por cruzamento | testar perda de polarização: antena CP × tag linear pode estar conservadora
SOTERRADA_CENTRO_12,True,0.0067,0.0018,1.47,TOPO,LEITURA CONFIÁVEL,LEITURA_CONFIAVEL,0.885,18.885,-54.231,35.769,18.885,0.546,3.411,8.967,0.033,26.422,0.0,,2.06,1,0.0501,0.601,0.0,3.0,3.0,28.0,1.0,0.0,35.082,False,backscatter: 28.0 dB; FSPL/distância: 26.4 dB; polarização: 3.0 dB; orientação/dobra: 3.0 dB,sem falha imediata; validar em bancada por taxa de leitura | verificar perda equivalente da grade/gaiola por cruzamento | testar perda de polarização: antena CP × tag linear pode estar conservadora
PROBE_LATERAL,False,1.45,0.0,1.0,ESQ,ZONA MORTA,FALHA_FORWARD_E_REVERSE,-98.341,-80.341,-252.681,-162.681,-162.681,1.9768,2.477,8.983,0.017,37.598,80.0,right_wall,4.119,2,0.5505,6.606,0.0,3.0,3.0,28.0,1.0,0.0,134.323,False,cabine/painéis: 80.0 dB; FSPL/distância: 37.6 dB; backscatter: 28.0 dB; tecido/enxoval: 6.6 dB,sem falha imediata; validar em bancada por taxa de leitura | avaliar tag soterrada: medir atenuação do tecido seco/úmido em bancada | verificar perda equivalente da grade/gaiola por cruzamento | verificar se caminho atravessa painéis da cabine indevidamente | testar perda de polarização: antena CP × tag linear pode estar conservadora
PROBE_FRENTE,False,0.0,-1.85,1.0,TOPO,ZONA MORTA,FALHA_FORWARD_E_REVERSE,-22.692,-4.692,-101.385,-11.385,-11.385,2.0839,60.852,-1.517,10.517,38.056,0.0,,4.119,2,0.0,0.0,0.0,3.0,3.0,28.0,1.0,0.0,48.175,False,FSPL/distância: 38.1 dB; backscatter: 28.0 dB; perda angular antena: 10.5 dB; gaiola/grade: 4.1 dB,sem falha imediata; validar em bancada por taxa de leitura | melhorar geometria: inclinar/rebaixar/adicionar antena; tag fora do lóbulo útil | verificar perda equivalente da grade/gaiola por cruzamento | testar perda de polarização: antena CP × tag linear pode estar conservadora
PROBE_PRATELEIRA,False,1.2,0.55,1.1,TOPO,ZONA MORTA,FALHA_FORWARD_E_REVERSE,-98.728,-80.728,-253.456,-163.456,-163.456,1.6167,55.53,0.242,8.758,35.851,80.0,right_wall,4.119,2,0.0,0.0,0.0,3.0,3.0,28.0,1.0,0.0,125.97,False,cabine/painéis: 80.0 dB; FSPL/distância: 35.9 dB; backscatter: 28.0 dB; perda angular antena: 8.8 dB,sem falha imediata; validar em bancada por taxa de leitura | melhorar geometria: inclinar/rebaixar/adicionar antena; tag fora do lóbulo útil | verificar perda equivalente da grade/gaiola por cruzamento | verificar se caminho atravessa painéis da cabine indevidamente | testar perda de polarização: antena CP × tag linear pode estar conservadora
