tag,esperada_interna,antena,read_ok,classificacao,margem_final_db,margem_ida_db,margem_volta_db,p_tag_dbm,p_rx_dbm,distancia_m,angulo_graus,ganho_antena_efetivo_dbi,fspl_db,perda_tecido_db,perda_gaiola_db,perda_cabine_db,perda_multipercurso_db
PILHA_001,True,ESQ,True,LEITURA_CONFIAVEL,13.783,13.783,25.567,-4.217,-64.433,0.5577,28.227,6.737,26.606,3.288,2.06,0.0,0.0
PILHA_001,True,DIR,True,LEITURA_CONFIAVEL,12.536,12.536,23.071,-5.464,-66.929,0.6178,25.276,7.185,27.495,4.096,2.06,0.0,0.0
PILHA_001,True,TOPO,True,LEITURA_CONFIAVEL,9.903,9.903,17.807,-8.097,-72.193,0.8951,16.522,8.225,30.716,4.546,2.06,0.0,0.0
PILHA_002,True,ESQ,True,LEITURA_CONFIAVEL,15.673,15.673,29.346,-2.327,-60.654,0.4858,29.536,6.522,25.408,2.382,2.06,0.0,0.0
PILHA_002,True,DIR,True,LEITURA_CONFIAVEL,11.635,11.635,21.27,-6.365,-68.73,0.6715,20.895,7.76,28.219,4.847,2.06,0.0,0.0
PILHA_002,True,TOPO,True,LEITURA_MARGINAL_SEM_FOLGA,4.624,4.624,7.248,-13.376,-82.752,1.1761,5.384,8.918,33.087,8.147,2.06,0.0,0.0
PILHA_003,True,ESQ,True,LEITURA_CONFIAVEL,17.7,17.7,33.4,-0.3,-56.6,0.4713,13.64,8.472,25.144,2.568,2.06,0.0,0.0
PILHA_003,True,DIR,True,LEITURA_CONFIAVEL,14.168,14.168,26.336,-3.832,-63.664,0.6024,10.632,8.679,27.276,4.176,2.06,0.0,0.0
PILHA_003,True,TOPO,True,LEITURA_CONFIAVEL,9.825,9.825,17.65,-8.175,-72.35,0.9172,7.96,8.82,30.927,5.008,2.06,0.0,0.0
PILHA_004,True,ESQ,True,LEITURA_CONFIAVEL,9.248,9.248,16.497,-8.752,-73.503,0.7181,31.305,6.217,28.802,5.106,2.06,0.0,0.0
PILHA_004,True,DIR,True,LEITURA_CONFIAVEL,11.472,11.472,20.944,-6.528,-69.056,0.5742,40.529,4.335,26.86,2.943,2.06,0.0,0.0
PILHA_004,True,TOPO,True,LEITURA_MARGINAL_SEM_FOLGA,2.159,2.159,2.319,-15.841,-87.681,1.3062,4.997,8.929,33.999,9.712,2.06,0.0,0.0
PILHA_005,True,ESQ,True,LEITURA_CONFIAVEL,16.094,16.094,30.188,-1.906,-59.812,0.4933,24.295,7.324,25.542,2.629,2.06,0.0,0.0
PILHA_005,True,DIR,True,LEITURA_CONFIAVEL,12.795,12.795,23.59,-5.205,-66.41,0.6337,18.681,8.009,27.716,4.438,2.06,0.0,0.0
PILHA_005,True,TOPO,True,LEITURA_MARGINAL_SEM_FOLGA,5.792,5.792,9.585,-12.208,-80.415,1.1148,6.776,8.87,32.622,7.395,2.06,0.0,0.0
PILHA_006,True,ESQ,True,LEITURA_CONFIAVEL,9.132,9.132,16.264,-8.868,-73.736,0.6315,45.197,3.198,27.686,3.321,2.06,0.0,0.0
PILHA_006,True,DIR,True,LEITURA_CONFIAVEL,7.638,7.638,13.276,-10.362,-76.724,0.7529,36.523,5.211,29.213,5.301,2.06,0.0,0.0
PILHA_006,True,TOPO,True,LEITURA_CONFIAVEL,13.313,13.313,24.626,-4.687,-65.374,0.706,28.017,6.771,28.654,1.743,2.06,0.0,0.0
PILHA_007,True,ESQ,True,LEITURA_MARGINAL_SEM_FOLGA,1.525,1.762,1.525,-16.238,-88.475,0.7925,63.221,-2.352,29.658,2.851,2.06,0.0,0.316
PILHA_007,True,DIR,False,FALHA_REVERSE_LEITOR_NAO_OUVE,-0.942,0.529,-0.942,-17.471,-90.942,0.9903,45.595,3.095,31.594,7.596,2.06,0.0,0.316
PILHA_007,True,TOPO,False,FALHA_FORWARD_E_REVERSE,-10.695,-4.348,-10.695,-22.348,-100.695,1.651,5.848,8.903,36.034,13.841,2.06,0.0,0.316
PILHA_008,True,ESQ,True,LEITURA_CONFIAVEL,10.86,10.86,19.72,-7.14,-70.28,0.6534,31.204,6.234,27.982,4.333,2.06,0.0,0.0
PILHA_008,True,DIR,True,LEITURA_CONFIAVEL,11.84,11.84,21.68,-6.16,-68.32,0.5965,34.575,5.605,27.191,3.515,2.06,0.0,0.0
PILHA_008,True,TOPO,True,LEITURA_MARGINAL_SEM_FOLGA,3.753,3.753,5.506,-14.247,-84.494,1.2131,10.558,8.683,33.356,8.515,2.06,0.0,0.0
PILHA_009,True,ESQ,True,LEITURA_CONFIAVEL,17.155,17.155,32.311,-0.845,-57.689,0.4817,16.834,8.195,25.334,2.646,2.06,0.0,0.0
PILHA_009,True,DIR,True,LEITURA_CONFIAVEL,13.939,13.939,25.879,-4.061,-64.121,0.6052,13.326,8.496,27.317,4.18,2.06,0.0,0.0
PILHA_009,True,TOPO,True,LEITURA_CONFIAVEL,11.738,11.738,21.476,-6.262,-68.524,0.8308,7.331,8.847,30.069,3.981,2.06,0.0,0.0
PILHA_010,True,ESQ,True,LEITURA_CONFIAVEL,18.387,18.387,34.773,0.387,-55.227,0.461,5.377,8.918,24.953,2.519,2.06,0.0,0.0
PILHA_010,True,DIR,True,LEITURA_CONFIAVEL,14.654,14.654,27.308,-3.346,-62.692,0.5926,4.18,8.95,27.133,4.103,2.06,0.0,0.0
PILHA_010,True,TOPO,True,LEITURA_CONFIAVEL,9.369,9.369,16.738,-8.631,-73.262,0.9422,4.797,8.935,31.161,5.345,2.06,0.0,0.0
PILHA_011,True,ESQ,True,LEITURA_CONFIAVEL,14.813,14.813,27.627,-3.187,-62.373,0.5779,10.794,8.669,26.915,3.881,2.06,0.0,0.0
PILHA_011,True,DIR,True,LEITURA_CONFIAVEL,17.07,17.07,32.141,-0.93,-57.859,0.4943,12.647,8.546,25.559,2.857,2.06,0.0,0.0
PILHA_011,True,TOPO,True,LEITURA_CONFIAVEL,7.354,7.354,12.709,-10.646,-77.291,1.0406,2.841,8.977,32.024,6.539,2.06,0.0,0.0
PILHA_012,True,ESQ,True,LEITURA_CONFIAVEL,14.927,14.927,27.855,-3.073,-62.145,0.5628,15.561,8.312,26.686,3.64,2.06,0.0,0.0
PILHA_012,True,DIR,True,LEITURA_CONFIAVEL,15.774,15.774,29.547,-2.226,-60.453,0.5298,16.558,8.221,26.16,3.228,2.06,0.0,0.0
PILHA_012,True,TOPO,True,LEITURA_CONFIAVEL,7.171,7.171,12.342,-10.829,-77.658,1.047,5.951,8.899,32.077,6.592,2.06,0.0,0.0
PILHA_013,True,ESQ,True,LEITURA_CONFIAVEL,16.236,16.236,30.472,-1.764,-59.528,0.5333,6.055,8.896,26.218,3.383,2.06,0.0,0.0
PILHA_013,True,DIR,True,LEITURA_CONFIAVEL,16.533,16.533,31.066,-1.467,-58.934,0.5227,6.178,8.892,26.044,3.255,2.06,0.0,0.0
PILHA_013,True,TOPO,True,LEITURA_CONFIAVEL,9.328,9.328,16.656,-8.672,-73.344,0.9451,3.388,8.967,31.188,5.391,2.06,0.0,0.0
PILHA_014,True,ESQ,True,LEITURA_CONFIAVEL,12.256,12.256,22.512,-5.744,-67.488,0.6838,6.52,8.879,28.377,5.186,2.06,0.0,0.0
PILHA_014,True,DIR,True,LEITURA_CONFIAVEL,20.074,20.074,38.148,2.074,-51.852,0.3786,11.833,8.602,23.99,1.479,2.06,0.0,0.0
PILHA_014,True,TOPO,True,LEITURA_CONFIAVEL,7.558,7.558,13.117,-10.442,-76.883,1.0242,8.674,8.786,31.886,6.282,2.06,0.0,0.0
PILHA_015,True,ESQ,True,LEITURA_CONFIAVEL,13.11,13.11,24.221,-4.89,-65.779,0.6482,7.636,8.834,27.913,4.752,2.06,0.0,0.0
PILHA_015,True,DIR,True,LEITURA_CONFIAVEL,19.532,19.532,37.064,1.532,-52.936,0.4165,11.934,8.595,24.072,1.932,2.06,0.0,0.0
PILHA_015,True,TOPO,True,LEITURA_CONFIAVEL,10.798,10.798,19.595,-7.202,-70.405,0.8718,8.336,8.803,30.487,4.458,2.06,0.0,0.0
PILHA_016,True,ESQ,True,LEITURA_CONFIAVEL,17.179,17.179,32.358,-0.821,-57.642,0.501,5.547,8.913,25.676,2.998,2.06,0.0,0.0
PILHA_016,True,DIR,True,LEITURA_CONFIAVEL,15.699,15.699,29.399,-2.301,-60.601,0.5534,5.02,8.928,26.54,3.63,2.06,0.0,0.0
PILHA_016,True,TOPO,True,LEITURA_CONFIAVEL,9.109,9.109,16.217,-8.891,-73.783,0.9557,3.096,8.973,31.285,5.52,2.06,0.0,0.0
PILHA_017,True,ESQ,True,LEITURA_CONFIAVEL,11.846,11.846,21.692,-6.154,-68.308,0.6468,24.766,7.258,27.894,4.458,2.06,0.0,0.0
PILHA_017,True,DIR,True,LEITURA_CONFIAVEL,14.101,14.101,26.202,-3.899,-63.798,0.5362,30.356,6.383,26.265,2.957,2.06,0.0,0.0
PILHA_017,True,TOPO,True,LEITURA_MARGINAL_SEM_FOLGA,4.056,4.056,6.112,-13.944,-83.888,1.2076,2.959,8.975,33.317,8.543,2.06,0.0,0.0
PILHA_018,True,ESQ,True,LEITURA_CONFIAVEL,8.852,8.852,15.705,-9.148,-74.295,0.6735,40.78,4.277,28.245,4.12,2.06,0.0,0.0
PILHA_018,True,DIR,True,LEITURA_CONFIAVEL,8.558,8.558,15.116,-9.442,-74.884,0.6965,39.165,4.643,28.537,4.489,2.06,0.0,0.0
PILHA_018,True,TOPO,True,LEITURA_MARGINAL_SEM_FOLGA,0.022,1.011,0.022,-16.989,-89.978,1.3696,3.531,8.965,34.41,10.484,2.06,0.0,0.0
PILHA_019,True,ESQ,True,LEITURA_CONFIAVEL,15.377,15.377,28.753,-2.623,-61.247,0.5657,4.359,8.946,26.73,3.78,2.06,0.0,0.0
PILHA_019,True,DIR,True,LEITURA_CONFIAVEL,17.582,17.582,33.163,-0.418,-56.837,0.4878,5.056,8.927,25.444,2.842,2.06,0.0,0.0
PILHA_019,True,TOPO,True,LEITURA_CONFIAVEL,9.625,9.625,17.25,-8.375,-72.75,0.9311,3.56,8.964,31.058,5.221,2.06,0.0,0.0
PILHA_020,True,ESQ,True,LEITURA_CONFIAVEL,13.247,13.247,24.494,-4.753,-65.506,0.5925,24.887,7.241,27.132,3.803,2.06,0.0,0.0
PILHA_020,True,DIR,True,LEITURA_CONFIAVEL,13.73,13.73,25.46,-4.27,-64.54,0.57,25.941,7.089,26.795,3.504,2.06,0.0,0.0
PILHA_020,True,TOPO,True,LEITURA_MARGINAL_SEM_FOLGA,4.717,4.717,7.434,-13.283,-82.566,1.1724,4.222,8.949,33.06,8.113,2.06,0.0,0.0
PILHA_021,True,ESQ,True,LEITURA_MARGINAL_SEM_FOLGA,2.196,2.196,2.392,-15.804,-87.608,0.7827,64.103,-2.671,29.55,2.523,2.06,0.0,0.0
PILHA_021,True,DIR,False,FALHA_REVERSE_LEITOR_NAO_OUVE,-0.376,0.812,-0.376,-17.188,-90.376,0.9986,44.835,3.291,31.666,7.753,2.06,0.0,0.0
PILHA_021,True,TOPO,False,FALHA_FORWARD_E_REVERSE,-9.346,-3.673,-9.346,-21.673,-99.346,1.6195,11.501,8.624,35.866,13.372,2.06,0.0,0.0
PILHA_022,True,ESQ,True,LEITURA_CONFIAVEL,14.107,14.107,26.215,-3.893,-63.785,0.5583,25.463,7.159,26.615,3.376,2.06,0.0,0.0
PILHA_022,True,DIR,True,LEITURA_CONFIAVEL,13.272,13.272,24.545,-4.728,-65.455,0.5964,23.73,7.401,27.189,3.88,2.06,0.0,0.0
PILHA_022,True,TOPO,True,LEITURA_MARGINAL_SEM_FOLGA,5.832,5.832,9.663,-12.168,-80.337,1.1087,9.408,8.749,32.574,7.283,2.06,0.0,0.0
PILHA_023,True,ESQ,True,LEITURA_CONFIAVEL,13.658,13.658,25.315,-4.342,-64.685,0.5961,20.017,7.862,27.185,3.96,2.06,0.0,0.0
PILHA_023,True,DIR,True,LEITURA_CONFIAVEL,15.194,15.194,28.388,-2.806,-61.612,0.5307,22.611,7.548,26.176,3.119,2.06,0.0,0.0
PILHA_023,True,TOPO,True,LEITURA_MARGINAL_SEM_FOLGA,5.678,5.678,9.356,-12.322,-80.644,1.1227,4.885,8.932,32.684,7.511,2.06,0.0,0.0
PILHA_024,True,ESQ,True,LEITURA_CONFIAVEL,6.575,6.575,11.15,-11.425,-78.85,0.7353,45.135,3.214,29.008,4.571,2.06,0.0,0.0
PILHA_024,True,DIR,True,LEITURA_CONFIAVEL,6.488,6.488,10.976,-11.512,-79.024,0.7442,44.451,3.388,29.112,4.728,2.06,0.0,0.0
PILHA_024,True,TOPO,False,FALHA_FORWARD_E_REVERSE,-2.839,-0.419,-2.839,-18.419,-92.839,1.4473,4.741,8.936,34.889,11.407,2.06,0.0,0.0
PILHA_025,True,ESQ,True,LEITURA_CONFIAVEL,11.077,11.077,20.155,-6.923,-69.845,0.5883,40.609,4.316,27.071,3.108,2.06,0.0,0.0
PILHA_025,True,DIR,True,LEITURA_CONFIAVEL,9.176,9.176,16.352,-8.824,-73.648,0.7146,32.403,6.018,28.76,5.022,2.06,0.0,0.0
PILHA_025,True,TOPO,True,LEITURA_MARGINAL_SEM_FOLGA,1.963,1.981,1.963,-16.019,-88.037,1.3163,4.447,8.944,34.065,9.837,2.06,0.0,0.0
PILHA_026,True,ESQ,True,LEITURA_CONFIAVEL,13.779,13.779,25.557,-4.221,-64.443,0.6273,1.56,8.993,27.628,4.527,2.06,0.0,0.0
PILHA_026,True,DIR,True,LEITURA_CONFIAVEL,19.638,19.638,37.276,1.638,-52.724,0.4233,2.312,8.985,24.211,2.077,2.06,0.0,0.0
PILHA_026,True,TOPO,True,LEITURA_CONFIAVEL,9.73,9.73,17.46,-8.27,-72.54,0.9237,6.346,8.886,30.989,5.107,2.06,0.0,0.0
PILHA_027,True,ESQ,True,LEITURA_CONFIAVEL,13.846,13.846,25.692,-4.154,-64.308,0.5658,25.925,7.091,26.732,3.454,2.06,0.0,0.0
PILHA_027,True,DIR,True,LEITURA_CONFIAVEL,13.216,13.216,24.432,-4.784,-65.568,0.595,24.566,7.286,27.169,3.841,2.06,0.0,0.0
PILHA_027,True,TOPO,True,LEITURA_MARGINAL_SEM_FOLGA,4.634,4.634,7.268,-13.366,-82.732,1.1777,2.75,8.979,33.099,8.186,2.06,0.0,0.0
PILHA_028,True,ESQ,True,LEITURA_CONFIAVEL,19.315,19.315,36.63,1.315,-53.37,0.4084,17.62,8.118,23.99,1.754,2.06,0.0,0.0
PILHA_028,True,DIR,True,LEITURA_CONFIAVEL,12.379,12.379,22.758,-5.621,-67.242,0.6722,10.599,8.681,28.228,5.014,2.06,0.0,0.0
PILHA_028,True,TOPO,True,LEITURA_CONFIAVEL,7.064,7.064,12.129,-10.936,-77.871,1.049,8.332,8.803,32.094,6.585,2.06,0.0,0.0
PILHA_029,True,ESQ,True,LEITURA_CONFIAVEL,14.36,14.36,26.719,-3.64,-63.281,0.503,35.123,5.496,25.709,2.368,2.06,0.0,0.0
PILHA_029,True,DIR,True,LEITURA_CONFIAVEL,10.539,10.539,19.077,-7.461,-70.923,0.7011,24.377,7.312,28.594,5.12,2.06,0.0,0.0
PILHA_029,True,TOPO,True,LEITURA_MARGINAL_SEM_FOLGA,3.624,3.624,5.248,-14.376,-84.752,1.2279,5.576,8.912,33.462,8.766,2.06,0.0,0.0
PILHA_030,True,ESQ,True,LEITURA_CONFIAVEL,12.829,12.829,23.658,-5.171,-66.342,0.5952,27.754,6.812,27.172,3.752,2.06,0.0,0.0
PILHA_030,True,DIR,True,LEITURA_CONFIAVEL,12.89,12.89,23.78,-5.11,-66.22,0.5922,27.909,6.788,27.127,3.711,2.06,0.0,0.0
PILHA_030,True,TOPO,True,LEITURA_MARGINAL_SEM_FOLGA,4.753,4.753,7.506,-13.247,-82.494,1.1652,8.483,8.796,33.006,7.977,2.06,0.0,0.0
PILHA_031,True,ESQ,True,LEITURA_CONFIAVEL,14.654,14.654,27.308,-3.346,-62.692,0.5663,17.832,8.097,26.739,3.644,2.06,0.0,0.0
PILHA_031,True,DIR,True,LEITURA_CONFIAVEL,15.317,15.317,28.634,-2.683,-61.366,0.5395,18.748,8.002,26.319,3.306,2.06,0.0,0.0
PILHA_031,True,TOPO,True,LEITURA_CONFIAVEL,13.192,13.192,24.384,-4.808,-65.616,0.7705,3.829,8.958,29.414,3.293,2.06,0.0,0.0
PILHA_032,True,ESQ,True,LEITURA_CONFIAVEL,7.569,7.569,13.137,-10.431,-76.863,0.7278,40.542,4.332,28.918,4.785,2.06,0.0,0.0
PILHA_032,True,DIR,True,LEITURA_CONFIAVEL,8.047,8.047,14.093,-9.953,-75.907,0.6861,43.588,3.604,28.406,4.091,2.06,0.0,0.0
PILHA_032,True,TOPO,False,FALHA_REVERSE_LEITOR_NAO_OUVE,-0.842,0.579,-0.842,-17.421,-90.842,1.3898,6.696,8.873,34.537,10.697,2.06,0.0,0.0
PILHA_033,True,ESQ,True,LEITURA_CONFIAVEL,7.839,7.839,13.677,-10.161,-76.323,0.6671,47.322,2.64,28.162,3.579,2.06,0.0,0.0
PILHA_033,True,DIR,True,LEITURA_CONFIAVEL,6.696,6.696,11.392,-11.304,-78.608,0.7732,39.365,4.599,29.445,5.398,2.06,0.0,0.0
PILHA_033,True,TOPO,False,FALHA_FORWARD_E_REVERSE,-2.064,-0.032,-2.064,-18.032,-92.064,1.4273,2.929,8.976,34.769,11.179,2.06,0.0,0.0
PILHA_034,True,ESQ,True,LEITURA_CONFIAVEL,9.529,9.529,17.058,-8.471,-72.942,0.6562,39.34,4.604,28.02,3.996,2.06,0.0,0.0
PILHA_034,True,DIR,True,LEITURA_CONFIAVEL,9.152,9.152,16.305,-8.848,-73.695,0.6836,37.484,5.009,28.375,4.423,2.06,0.0,0.0
PILHA_034,True,TOPO,True,LEITURA_MARGINAL_SEM_FOLGA,0.991,1.495,0.991,-16.505,-89.009,1.3426,4.348,8.946,34.237,10.154,2.06,0.0,0.0
PILHA_035,True,ESQ,True,LEITURA_CONFIAVEL,18.714,18.714,35.429,0.714,-54.571,0.3422,30.278,6.396,23.99,0.632,2.06,0.0,0.0
PILHA_035,True,DIR,True,LEITURA_CONFIAVEL,9.806,9.806,17.612,-8.194,-72.388,0.774,12.88,8.529,29.453,6.21,2.06,0.0,0.0
PILHA_035,True,TOPO,True,LEITURA_MARGINAL_SEM_FOLGA,5.316,5.316,8.632,-12.684,-81.368,1.1299,11.772,8.606,32.739,7.491,2.06,0.0,0.0
PILHA_036,True,ESQ,True,LEITURA_CONFIAVEL,8.299,8.299,14.599,-9.701,-75.401,0.7156,37.927,4.914,28.772,4.784,2.06,0.0,0.0
PILHA_036,True,DIR,True,LEITURA_CONFIAVEL,9.07,9.07,16.14,-8.93,-73.86,0.6551,42.172,3.949,28.005,3.814,2.06,0.0,0.0
PILHA_036,True,TOPO,False,FALHA_REVERSE_LEITOR_NAO_OUVE,-0.149,0.925,-0.149,-17.075,-90.149,1.3753,1.738,8.991,34.446,10.56,2.06,0.0,0.0
PILHA_037,True,ESQ,True,LEITURA_CONFIAVEL,15.323,15.323,28.647,-2.677,-61.353,0.5297,21.636,7.67,26.159,3.129,2.06,0.0,0.0
PILHA_037,True,DIR,True,LEITURA_CONFIAVEL,13.863,13.863,25.726,-4.137,-64.274,0.5908,19.301,7.942,27.108,3.911,2.06,0.0,0.0
PILHA_037,True,TOPO,True,LEITURA_MARGINAL_SEM_FOLGA,5.582,5.582,9.163,-12.418,-80.837,1.1295,2.062,8.988,32.736,7.61,2.06,0.0,0.0
PILHA_038,True,ESQ,True,LEITURA_CONFIAVEL,9.594,9.594,17.188,-8.406,-72.812,0.7734,16.157,8.259,29.447,6.158,2.06,0.0,0.0
PILHA_038,True,DIR,True,LEITURA_CONFIAVEL,17.63,17.63,33.26,-0.37,-56.74,0.375,35.023,5.516,23.99,0.837,2.06,0.0,0.0
PILHA_038,True,TOPO,True,LEITURA_CONFIAVEL,6.29,6.29,10.58,-11.71,-79.42,1.0705,15.779,8.293,32.27,6.673,2.06,0.0,0.0
PILHA_039,True,ESQ,True,LEITURA_CONFIAVEL,13.823,13.823,25.646,-4.177,-64.354,0.5545,28.609,6.675,26.556,3.237,2.06,0.0,0.0
PILHA_039,True,DIR,True,LEITURA_CONFIAVEL,12.412,12.412,22.825,-5.588,-67.175,0.6227,25.24,7.191,27.563,4.155,2.06,0.0,0.0
PILHA_039,True,TOPO,True,LEITURA_CONFIAVEL,15.555,15.555,29.109,-2.445,-60.891,0.6723,3.906,8.957,28.229,2.113,2.06,0.0,0.0
PILHA_040,True,ESQ,True,LEITURA_MARGINAL_SEM_FOLGA,5.986,5.986,9.973,-12.014,-80.027,0.6423,61.218,-1.644,27.833,1.477,2.06,0.0,0.0
PILHA_040,True,DIR,True,LEITURA_MARGINAL_SEM_FOLGA,3.555,3.555,5.109,-14.445,-84.891,0.9304,37.234,5.062,31.052,7.397,2.06,0.0,0.0
PILHA_040,True,TOPO,False,FALHA_FORWARD_E_REVERSE,-4.115,-1.058,-4.115,-19.058,-94.115,1.4637,14.23,8.425,34.987,11.436,2.06,0.0,0.0
PILHA_041,True,ESQ,True,LEITURA_CONFIAVEL,9.827,9.827,17.654,-8.173,-72.346,0.628,41.815,4.034,27.637,3.51,2.06,0.0,0.0
PILHA_041,True,DIR,True,LEITURA_CONFIAVEL,8.619,8.619,15.237,-9.381,-74.763,0.7169,35.732,5.374,28.788,4.908,2.06,0.0,0.0
PILHA_041,True,TOPO,True,LEITURA_MARGINAL_SEM_FOLGA,1.831,1.915,1.831,-16.085,-88.169,1.3117,9.914,8.721,34.035,9.711,2.06,0.0,0.0
PILHA_042,True,ESQ,True,LEITURA_CONFIAVEL,7.232,7.232,12.465,-10.768,-77.535,0.6675,50.518,1.751,28.168,3.292,2.06,0.0,0.0
PILHA_042,True,DIR,True,LEITURA_MARGINAL_SEM_FOLGA,5.824,5.824,9.647,-12.176,-80.353,0.8104,39.474,4.574,29.853,5.839,2.06,0.0,0.0
PILHA_042,True,TOPO,False,FALHA_REVERSE_LEITOR_NAO_OUVE,-1.205,0.397,-1.205,-17.603,-91.205,1.385,13.643,8.471,34.507,10.507,2.06,0.0,0.0
PILHA_043,True,ESQ,True,LEITURA_CONFIAVEL,16.45,16.45,30.901,-1.55,-59.099,0.5252,6.547,8.878,26.085,3.283,2.06,0.0,0.0
PILHA_043,True,DIR,True,LEITURA_CONFIAVEL,16.272,16.272,30.544,-1.728,-59.456,0.5316,6.469,8.881,26.19,3.36,2.06,0.0,0.0
PILHA_043,True,TOPO,True,LEITURA_CONFIAVEL,8.439,8.439,14.877,-9.561,-75.123,0.9883,1.634,8.992,31.577,5.918,2.06,0.0,0.0
PILHA_044,True,ESQ,True,LEITURA_CONFIAVEL,17.896,17.896,33.792,-0.104,-56.208,0.4525,18.669,8.01,24.791,2.264,2.06,0.0,0.0
PILHA_044,True,DIR,True,LEITURA_CONFIAVEL,13.102,13.102,24.204,-4.898,-65.796,0.638,13.124,8.511,27.774,4.575,2.06,0.0,0.0
PILHA_044,True,TOPO,True,LEITURA_CONFIAVEL,6.859,6.859,11.719,-11.141,-78.281,1.0612,6.887,8.865,32.195,6.752,2.06,0.0,0.0
PILHA_045,True,ESQ,True,LEITURA_CONFIAVEL,8.39,8.39,14.779,-9.61,-75.221,0.8009,22.497,7.562,29.75,6.364,2.06,0.0,0.0
PILHA_045,True,DIR,True,LEITURA_CONFIAVEL,14.794,14.794,27.588,-3.206,-62.412,0.4359,44.664,3.334,24.467,1.013,2.06,0.0,0.0
PILHA_045,True,TOPO,True,LEITURA_MARGINAL_SEM_FOLGA,5.016,5.016,8.033,-12.984,-81.967,1.1275,17.988,8.081,32.721,7.285,2.06,0.0,0.0
PILHA_046,True,ESQ,True,LEITURA_CONFIAVEL,15.498,15.498,28.996,-2.502,-61.004,0.5524,11.031,8.654,26.524,3.573,2.06,0.0,0.0
PILHA_046,True,DIR,True,LEITURA_CONFIAVEL,16.412,16.412,30.825,-1.588,-59.175,0.5186,11.76,8.607,25.976,3.159,2.06,0.0,0.0
PILHA_046,True,TOPO,True,LEITURA_CONFIAVEL,11.864,11.864,21.728,-6.136,-68.272,0.8297,1.27,8.995,30.057,4.015,2.06,0.0,0.0
PILHA_047,True,ESQ,True,LEITURA_CONFIAVEL,6.961,6.961,11.923,-11.039,-78.077,0.7906,35.245,5.472,29.637,5.814,2.06,0.0,0.0
PILHA_047,True,DIR,True,LEITURA_CONFIAVEL,9.101,9.101,16.203,-8.899,-73.797,0.6096,48.45,2.333,27.379,2.792,2.06,0.0,0.0
PILHA_047,True,TOPO,False,FALHA_REVERSE_LEITOR_NAO_OUVE,-0.963,0.518,-0.963,-17.482,-90.963,1.3949,5.315,8.92,34.569,10.773,2.06,0.0,0.0
PILHA_048,True,ESQ,True,LEITURA_CONFIAVEL,10.525,10.525,19.05,-7.475,-70.95,0.7094,22.646,7.543,28.696,5.262,2.06,0.0,0.0
PILHA_048,True,DIR,True,LEITURA_CONFIAVEL,15.1,15.1,28.2,-2.9,-61.8,0.4805,34.645,5.591,25.312,2.119,2.06,0.0,0.0
PILHA_048,True,TOPO,True,LEITURA_MARGINAL_SEM_FOLGA,4.756,4.756,7.512,-13.244,-82.488,1.1599,11.137,8.648,32.967,7.865,2.06,0.0,0.0
PILHA_049,True,ESQ,True,LEITURA_CONFIAVEL,8.692,8.692,15.383,-9.308,-74.617,0.7446,30.764,6.312,29.117,5.444,2.06,0.0,0.0
PILHA_049,True,DIR,True,LEITURA_CONFIAVEL,11.458,11.458,20.915,-6.542,-69.085,0.5597,42.878,3.778,26.638,2.623,2.06,0.0,0.0
PILHA_049,True,TOPO,True,LEITURA_MARGINAL_SEM_FOLGA,1.9,1.95,1.9,-16.05,-88.1,1.3165,5.819,8.904,34.067,9.827,2.06,0.0,0.0
PILHA_050,True,ESQ,True,LEITURA_MARGINAL_SEM_FOLGA,2.559,2.559,3.117,-15.441,-86.883,0.9805,36.857,5.142,31.507,8.016,2.06,0.0,0.0
PILHA_050,True,DIR,True,LEITURA_MARGINAL_SEM_FOLGA,5.354,5.354,8.708,-12.646,-81.292,0.6453,65.704,-3.261,27.873,0.452,2.06,0.0,0.0
PILHA_050,True,TOPO,False,FALHA_FORWARD_E_REVERSE,-6.584,-2.292,-6.584,-20.292,-96.584,1.5446,9.739,8.731,35.455,12.508,2.06,0.0,0.0
PILHA_051,True,ESQ,True,LEITURA_CONFIAVEL,13.513,13.513,25.026,-4.487,-64.974,0.6367,3.459,8.966,27.758,4.635,2.06,0.0,0.0
PILHA_051,True,DIR,True,LEITURA_CONFIAVEL,19.815,19.815,37.63,1.815,-52.37,0.4162,5.296,8.92,24.064,1.981,2.06,0.0,0.0
PILHA_051,True,TOPO,True,LEITURA_CONFIAVEL,9.199,9.199,16.399,-8.801,-73.601,0.9477,7.088,8.857,31.212,5.387,2.06,0.0,0.0
PILHA_052,True,ESQ,True,LEITURA_CONFIAVEL,8.347,8.347,14.694,-9.653,-75.306,0.6917,41.104,4.201,28.476,4.319,2.06,0.0,0.0
PILHA_052,True,DIR,True,LEITURA_CONFIAVEL,8.276,8.276,14.553,-9.724,-75.447,0.6974,40.691,4.297,28.549,4.413,2.06,0.0,0.0
PILHA_052,True,TOPO,False,FALHA_REVERSE_LEITOR_NAO_OUVE,-0.626,0.687,-0.626,-17.313,-90.626,1.3882,1.851,8.99,34.528,10.716,2.06,0.0,0.0
PILHA_053,True,ESQ,True,LEITURA_CONFIAVEL,7.533,7.533,13.067,-10.467,-76.933,0.6999,44.556,3.362,28.58,4.189,2.06,0.0,0.0
PILHA_053,True,DIR,True,LEITURA_CONFIAVEL,7.119,7.119,12.237,-10.881,-77.763,0.7383,41.696,4.062,29.043,4.841,2.06,0.0,0.0
PILHA_053,True,TOPO,False,FALHA_REVERSE_LEITOR_NAO_OUVE,-1.775,0.112,-1.775,-17.888,-91.775,1.4179,4.619,8.939,34.712,11.056,2.06,0.0,0.0
PILHA_054,True,ESQ,True,LEITURA_CONFIAVEL,17.261,17.261,32.522,-0.739,-57.478,0.4936,9.406,8.749,25.546,2.882,2.06,0.0,0.0
PILHA_054,True,DIR,True,LEITURA_CONFIAVEL,15.179,15.179,28.359,-2.821,-61.641,0.5688,8.153,8.811,26.777,3.795,2.06,0.0,0.0
PILHA_054,True,TOPO,True,LEITURA_CONFIAVEL,11.286,11.286,20.572,-6.714,-69.428,0.8552,2.55,8.982,30.32,4.316,2.06,0.0,0.0
PILHA_055,True,ESQ,True,LEITURA_CONFIAVEL,9.954,9.954,17.908,-8.046,-72.092,0.7101,27.459,6.858,28.705,5.14,2.06,0.0,0.0
PILHA_055,True,DIR,True,LEITURA_CONFIAVEL,13.061,13.061,24.121,-4.939,-65.879,0.5325,37.945,4.91,26.205,2.586,2.06,0.0,0.0
PILHA_055,True,TOPO,True,LEITURA_MARGINAL_SEM_FOLGA,2.907,2.907,3.814,-15.093,-86.186,1.2665,4.816,8.934,33.731,9.237,2.06,0.0,0.0
PILHA_056,True,ESQ,True,LEITURA_CONFIAVEL,8.961,8.961,15.922,-9.039,-74.078,0.689,37.847,4.932,28.443,4.469,2.06,0.0,0.0
PILHA_056,True,DIR,True,LEITURA_CONFIAVEL,9.361,9.361,16.722,-8.639,-73.278,0.6593,39.879,4.483,28.06,4.002,2.06,0.0,0.0
PILHA_056,True,TOPO,True,LEITURA_MARGINAL_SEM_FOLGA,0.547,1.274,0.547,-16.726,-89.453,1.3562,2.09,8.988,34.325,10.33,2.06,0.0,0.0
PILHA_057,True,ESQ,True,LEITURA_CONFIAVEL,9.937,9.937,17.874,-8.063,-72.126,0.6657,35.353,5.45,28.144,4.31,2.06,0.0,0.0
PILHA_057,True,DIR,True,LEITURA_CONFIAVEL,10.374,10.374,18.748,-7.626,-71.252,0.6368,37.22,5.065,27.758,3.874,2.06,0.0,0.0
PILHA_057,True,TOPO,True,LEITURA_CONFIAVEL,14.213,14.213,26.426,-3.787,-63.574,0.6927,21.478,7.69,28.489,1.929,2.06,0.0,0.0
PILHA_058,True,ESQ,True,LEITURA_CONFIAVEL,11.06,11.06,20.12,-6.94,-69.88,0.7159,14.726,8.384,28.776,5.489,2.06,0.0,0.0
PILHA_058,True,DIR,True,LEITURA_CONFIAVEL,18.436,18.436,34.871,0.436,-55.129,0.4012,26.971,6.934,23.99,1.449,2.06,0.0,0.0
PILHA_058,True,TOPO,True,LEITURA_CONFIAVEL,12.89,12.89,23.78,-5.11,-66.22,0.7717,12.55,8.553,29.428,3.175,2.06,0.0,0.0
PILHA_059,True,ESQ,True,LEITURA_CONFIAVEL,10.302,10.302,18.605,-7.698,-71.395,0.697,27.227,6.895,28.543,4.99,2.06,0.0,0.0
PILHA_059,True,DIR,True,LEITURA_CONFIAVEL,13.201,13.201,24.402,-4.799,-65.598,0.5355,36.543,5.207,26.254,2.692,2.06,0.0,0.0
PILHA_059,True,TOPO,True,LEITURA_MARGINAL_SEM_FOLGA,3.108,3.108,4.217,-14.892,-85.783,1.2561,4.606,8.94,33.659,9.113,2.06,0.0,0.0
PILHA_060,True,ESQ,True,LEITURA_CONFIAVEL,12.673,12.673,23.347,-5.327,-66.653,0.5907,29.866,6.467,27.105,3.629,2.06,0.0,0.0
PILHA_060,True,DIR,True,LEITURA_CONFIAVEL,12.242,12.242,22.483,-5.758,-67.517,0.613,28.676,6.664,27.427,3.936,2.06,0.0,0.0
PILHA_060,True,TOPO,True,LEITURA_MARGINAL_SEM_FOLGA,3.744,3.744,5.488,-14.256,-84.512,1.2238,3.062,8.973,33.433,8.737,2.06,0.0,0.0
PILHA_061,True,ESQ,True,LEITURA_MARGINAL_SEM_FOLGA,4.329,4.329,6.658,-13.671,-83.342,0.8457,43.513,3.622,30.222,6.011,2.06,0.0,0.0
PILHA_061,True,DIR,True,LEITURA_MARGINAL_SEM_FOLGA,5.27,5.27,8.54,-12.73,-81.46,0.7278,53.13,0.983,28.919,3.734,2.06,0.0,0.0
PILHA_061,True,TOPO,False,FALHA_FORWARD_E_REVERSE,-5.38,-1.69,-5.38,-19.69,-95.38,1.5196,3.43,8.967,35.313,12.284,2.06,0.0,0.0
PILHA_062,True,ESQ,True,LEITURA_CONFIAVEL,6.88,6.88,11.761,-11.12,-78.239,0.8158,31.934,6.104,29.91,6.254,2.06,0.0,0.0
PILHA_062,True,DIR,True,LEITURA_CONFIAVEL,10.068,10.068,18.136,-7.932,-71.864,0.5605,50.341,1.802,26.65,2.025,2.06,0.0,0.0
PILHA_062,True,TOPO,False,FALHA_REVERSE_LEITOR_NAO_OUVE,-0.222,0.889,-0.222,-17.111,-90.222,1.3711,7.848,8.825,34.42,10.457,2.06,0.0,0.0
PILHA_063,True,ESQ,True,LEITURA_CONFIAVEL,16.896,16.896,31.793,-1.104,-58.207,0.3924,38.31,4.832,23.99,0.886,2.06,0.0,0.0
PILHA_063,True,DIR,True,LEITURA_CONFIAVEL,9.26,9.26,16.519,-8.74,-73.481,0.7809,18.149,8.064,29.531,6.214,2.06,0.0,0.0
PILHA_063,True,TOPO,True,LEITURA_CONFIAVEL,6.889,6.889,11.778,-11.111,-78.222,1.0334,18.196,8.06,31.963,6.148,2.06,0.0,0.0
PILHA_064,True,ESQ,True,LEITURA_CONFIAVEL,11.153,11.153,20.306,-6.847,-69.694,0.6985,18.901,7.985,28.562,5.211,2.06,0.0,0.0
PILHA_064,True,DIR,True,LEITURA_CONFIAVEL,16.677,16.677,31.353,-1.323,-58.647,0.4502,30.174,6.414,24.746,1.932,2.06,0.0,0.0
PILHA_064,True,TOPO,True,LEITURA_MARGINAL_SEM_FOLGA,4.827,4.827,7.654,-13.173,-82.346,1.1633,7.283,8.849,32.992,7.971,2.06,0.0,0.0
PILHA_065,True,ESQ,True,LEITURA_MARGINAL_SEM_FOLGA,5.339,5.339,8.679,-12.661,-81.321,0.6771,59.754,-1.141,28.291,2.169,2.06,0.0,0.0
PILHA_065,True,DIR,True,LEITURA_MARGINAL_SEM_FOLGA,3.419,3.419,4.837,-14.581,-85.163,0.9191,39.523,4.563,30.946,7.14,2.06,0.0,0.0
PILHA_065,True,TOPO,False,FALHA_FORWARD_E_REVERSE,-5.783,-1.891,-5.783,-19.891,-95.783,1.5253,7.954,8.82,35.346,12.306,2.06,0.0,0.0
PILHA_066,True,ESQ,True,LEITURA_CONFIAVEL,16.467,16.467,30.933,-1.533,-59.067,0.517,11.66,8.614,25.947,3.14,2.06,0.0,0.0
PILHA_066,True,DIR,True,LEITURA_CONFIAVEL,15.472,15.472,28.944,-2.528,-61.056,0.5537,10.877,8.664,26.543,3.589,2.06,0.0,0.0
PILHA_066,True,TOPO,True,LEITURA_CONFIAVEL,7.39,7.39,12.78,-10.61,-77.22,1.0395,1.09,8.997,32.015,6.533,2.06,0.0,0.0
PILHA_067,True,ESQ,True,LEITURA_CONFIAVEL,14.148,14.148,26.297,-3.852,-63.703,0.5876,16.96,8.183,27.06,3.915,2.06,0.0,0.0
PILHA_067,True,DIR,True,LEITURA_CONFIAVEL,15.899,15.899,29.797,-2.101,-60.203,0.5172,19.356,7.936,25.951,3.026,2.06,0.0,0.0
PILHA_067,True,TOPO,True,LEITURA_CONFIAVEL,6.785,6.785,11.57,-11.215,-78.43,1.0651,6.756,8.87,32.226,6.8,2.06,0.0,0.0
PILHA_068,True,ESQ,True,LEITURA_CONFIAVEL,11.403,11.403,20.807,-6.597,-69.193,0.626,32.299,6.037,27.611,3.963,2.06,0.0,0.0
PILHA_068,True,DIR,True,LEITURA_CONFIAVEL,11.526,11.526,21.053,-6.474,-68.947,0.619,32.712,5.961,27.512,3.863,2.06,0.0,0.0
PILHA_068,True,TOPO,True,LEITURA_MARGINAL_SEM_FOLGA,2.91,2.91,3.82,-15.09,-86.18,1.2685,1.369,8.995,33.744,9.281,2.06,0.0,0.0
PILHA_069,True,ESQ,True,LEITURA_CONFIAVEL,12.291,12.291,22.583,-5.709,-67.417,0.6012,30.618,6.337,27.258,3.728,2.06,0.0,0.0
PILHA_069,True,DIR,True,LEITURA_CONFIAVEL,12.043,12.043,22.087,-5.957,-67.913,0.6144,29.892,6.462,27.447,3.912,2.06,0.0,0.0
PILHA_069,True,TOPO,True,LEITURA_CONFIAVEL,13.191,13.191,24.382,-4.809,-65.618,0.7491,16.722,8.206,29.169,2.787,2.06,0.0,0.0
PILHA_070,True,ESQ,True,LEITURA_CONFIAVEL,16.984,16.984,31.969,-1.016,-58.031,0.4866,17.128,8.167,25.422,2.7,2.06,0.0,0.0
PILHA_070,True,DIR,True,LEITURA_CONFIAVEL,13.99,13.99,25.98,-4.01,-64.02,0.6023,13.767,8.462,27.274,4.138,2.06,0.0,0.0
PILHA_070,True,TOPO,True,LEITURA_CONFIAVEL,12.137,12.137,22.273,-5.863,-67.727,0.8142,6.421,8.883,29.893,3.793,2.06,0.0,0.0
PILHA_071,True,ESQ,True,LEITURA_CONFIAVEL,14.582,14.582,27.164,-3.418,-62.836,0.5797,13.91,8.45,26.943,3.866,2.06,0.0,0.0
PILHA_071,True,DIR,True,LEITURA_CONFIAVEL,16.48,16.48,30.96,-1.52,-59.04,0.5068,15.961,8.276,25.775,2.961,2.06,0.0,0.0
PILHA_071,True,TOPO,True,LEITURA_CONFIAVEL,10.569,10.569,19.137,-7.431,-70.863,0.8821,8.482,8.796,30.588,4.579,2.06,0.0,0.0
PILHA_072,True,ESQ,True,LEITURA_CONFIAVEL,7.873,7.873,13.746,-10.127,-76.254,0.8367,19.493,7.921,30.13,6.858,2.06,0.0,0.0
PILHA_072,True,DIR,True,LEITURA_CONFIAVEL,15.505,15.505,29.009,-2.495,-60.991,0.3824,46.904,2.751,23.99,0.197,2.06,0.0,0.0
PILHA_072,True,TOPO,True,LEITURA_CONFIAVEL,10.701,10.701,19.403,-7.299,-70.597,0.8329,24.221,7.334,30.091,3.482,2.06,0.0,0.0
PILHA_073,True,ESQ,True,LEITURA_CONFIAVEL,14.56,14.56,27.12,-3.44,-62.88,0.5487,23.803,7.391,26.465,3.306,2.06,0.0,0.0
PILHA_073,True,DIR,True,LEITURA_CONFIAVEL,13.598,13.598,25.196,-4.402,-64.804,0.591,22.006,7.625,27.11,3.856,2.06,0.0,0.0
PILHA_073,True,TOPO,True,LEITURA_MARGINAL_SEM_FOLGA,5.068,5.068,8.137,-12.932,-81.863,1.1559,1.537,8.993,32.937,7.929,2.06,0.0,0.0
PILHA_074,True,ESQ,True,LEITURA_CONFIAVEL,10.431,10.431,18.863,-7.569,-71.137,0.7045,24.592,7.282,28.636,5.155,2.06,0.0,0.0
PILHA_074,True,DIR,True,LEITURA_CONFIAVEL,14.267,14.267,26.535,-3.733,-63.465,0.5035,35.609,5.398,25.719,2.353,2.06,0.0,0.0
PILHA_074,True,TOPO,True,LEITURA_MARGINAL_SEM_FOLGA,4.472,4.472,6.944,-13.528,-83.056,1.1743,11.23,8.642,33.074,8.036,2.06,0.0,0.0
PILHA_075,True,ESQ,True,LEITURA_MARGINAL_SEM_FOLGA,4.798,4.798,7.596,-13.202,-82.404,0.7993,46.691,2.808,29.733,5.218,2.06,0.0,0.0
PILHA_075,True,DIR,True,LEITURA_MARGINAL_SEM_FOLGA,5.049,5.049,8.097,-12.951,-81.903,0.7681,49.217,2.12,29.387,4.625,2.06,0.0,0.0
PILHA_075,True,TOPO,False,FALHA_FORWARD_E_REVERSE,-5.239,-1.62,-5.239,-19.62,-95.239,1.5168,0.886,8.998,35.297,12.261,2.06,0.0,0.0
PILHA_076,True,ESQ,True,LEITURA_CONFIAVEL,12.445,12.445,22.889,-5.555,-67.111,0.6708,9.954,8.719,28.211,5.004,2.06,0.0,0.0
PILHA_076,True,DIR,True,LEITURA_CONFIAVEL,19.425,19.425,36.85,1.425,-53.15,0.4062,16.587,8.219,23.99,1.744,2.06,0.0,0.0
PILHA_076,True,TOPO,True,LEITURA_CONFIAVEL,9.995,9.995,17.989,-8.005,-72.011,0.9042,10.973,8.658,30.804,4.8,2.06,0.0,0.0
PILHA_077,True,ESQ,True,LEITURA_CONFIAVEL,13.602,13.602,25.204,-4.398,-64.796,0.5765,25.531,7.149,26.894,3.593,2.06,0.0,0.0
PILHA_077,True,DIR,True,LEITURA_CONFIAVEL,13.415,13.415,24.829,-4.585,-65.171,0.5852,25.124,7.207,27.024,3.709,2.06,0.0,0.0
PILHA_077,True,TOPO,True,LEITURA_MARGINAL_SEM_FOLGA,4.644,4.644,7.289,-13.356,-82.711,1.177,3.09,8.973,33.094,8.175,2.06,0.0,0.0
PILHA_078,True,ESQ,True,LEITURA_CONFIAVEL,7.162,7.162,12.323,-10.838,-77.677,0.8383,25.918,7.092,30.147,6.724,2.06,0.0,0.0
PILHA_078,True,DIR,True,LEITURA_CONFIAVEL,12.515,12.515,23.031,-5.485,-66.969,0.471,51.067,1.593,25.14,0.879,2.06,0.0,0.0
PILHA_078,True,TOPO,True,LEITURA_MARGINAL_SEM_FOLGA,1.475,1.737,1.475,-16.263,-88.525,1.3211,10.013,8.715,34.097,9.821,2.06,0.0,0.0
PILHA_079,True,ESQ,True,LEITURA_CONFIAVEL,12.672,12.672,23.344,-5.328,-66.656,0.6667,6.806,8.868,28.157,4.979,2.06,0.0,0.0
PILHA_079,True,DIR,True,LEITURA_CONFIAVEL,19.884,19.884,37.769,1.884,-52.231,0.3959,11.512,8.624,23.99,1.69,2.06,0.0,0.0
PILHA_079,True,TOPO,True,LEITURA_CONFIAVEL,9.935,9.935,17.869,-8.065,-72.131,0.9093,9.71,8.732,30.853,4.885,2.06,0.0,0.0
PILHA_080,True,ESQ,True,LEITURA_CONFIAVEL,16.032,16.032,30.065,-1.968,-59.935,0.5368,8.977,8.771,26.275,3.404,2.06,0.0,0.0
PILHA_080,True,DIR,True,LEITURA_CONFIAVEL,16.317,16.317,30.635,-1.683,-59.365,0.5265,9.154,8.762,26.106,3.279,2.06,0.0,0.0
PILHA_080,True,TOPO,True,LEITURA_CONFIAVEL,11.225,11.225,20.45,-6.775,-69.55,0.8581,2.15,8.987,30.349,4.353,2.06,0.0,0.0
SOTERRADA_CENTRO_01,True,ESQ,True,LEITURA_MARGINAL_SEM_FOLGA,0.721,1.36,0.721,-16.64,-89.279,0.8693,54.961,0.421,30.461,5.206,2.06,0.0,0.333
SOTERRADA_CENTRO_01,True,DIR,True,LEITURA_MARGINAL_SEM_FOLGA,0.376,1.188,0.376,-16.812,-89.624,0.9,52.257,1.244,30.764,5.899,2.06,0.0,0.333
SOTERRADA_CENTRO_01,True,TOPO,False,FALHA_FORWARD_E_REVERSE,-10.437,-4.218,-10.437,-22.218,-100.437,1.6459,1.942,8.989,36.007,13.808,2.06,0.0,0.333
SOTERRADA_CENTRO_02,True,ESQ,True,LEITURA_MARGINAL_SEM_FOLGA,4.137,4.137,6.273,-13.863,-83.727,0.8043,49.642,2.001,29.786,5.018,2.06,0.0,0.0
SOTERRADA_CENTRO_02,True,DIR,True,LEITURA_MARGINAL_SEM_FOLGA,4.097,4.097,6.194,-13.903,-83.806,0.8097,49.19,2.128,29.845,5.126,2.06,0.0,0.0
SOTERRADA_CENTRO_02,True,TOPO,False,FALHA_FORWARD_E_REVERSE,-6.292,-2.146,-6.292,-20.146,-96.292,1.5461,2.194,8.986,35.463,12.609,2.06,0.0,0.0
SOTERRADA_CENTRO_03,True,ESQ,True,LEITURA_CONFIAVEL,6.561,6.561,11.123,-11.439,-78.877,0.7477,43.59,3.603,29.152,4.83,2.06,0.0,0.0
SOTERRADA_CENTRO_03,True,DIR,True,LEITURA_CONFIAVEL,6.797,6.797,11.594,-11.203,-78.406,0.7241,45.393,3.148,28.874,4.417,2.06,0.0,0.0
SOTERRADA_CENTRO_03,True,TOPO,False,FALHA_FORWARD_E_REVERSE,-2.78,-0.39,-2.78,-18.39,-92.78,1.447,3.048,8.974,34.888,11.416,2.06,0.0,0.0
SOTERRADA_CENTRO_04,True,ESQ,True,LEITURA_CONFIAVEL,9.321,9.321,16.642,-8.679,-73.358,0.6789,37.16,5.078,28.315,4.383,2.06,0.0,0.0
SOTERRADA_CENTRO_04,True,DIR,True,LEITURA_CONFIAVEL,9.676,9.676,17.352,-8.324,-72.648,0.6536,38.862,4.71,27.985,3.99,2.06,0.0,0.0
SOTERRADA_CENTRO_04,True,TOPO,True,LEITURA_MARGINAL_SEM_FOLGA,0.968,1.484,0.968,-16.516,-89.032,1.3451,0.785,8.998,34.254,10.201,2.06,0.0,0.0
SOTERRADA_CENTRO_05,True,ESQ,True,LEITURA_CONFIAVEL,12.098,12.098,22.197,-5.902,-67.803,0.6084,30.631,6.335,27.363,3.815,2.06,0.0,0.0
SOTERRADA_CENTRO_05,True,DIR,True,LEITURA_CONFIAVEL,12.051,12.051,22.102,-5.949,-67.898,0.611,30.491,6.359,27.399,3.85,2.06,0.0,0.0
SOTERRADA_CENTRO_05,True,TOPO,True,LEITURA_MARGINAL_SEM_FOLGA,3.359,3.359,4.717,-14.641,-85.283,1.245,0.08,9.0,33.582,9.0,2.06,0.0,0.0
SOTERRADA_CENTRO_06,True,ESQ,True,LEITURA_CONFIAVEL,14.338,14.338,26.675,-3.662,-63.325,0.559,23.242,7.466,26.626,3.443,2.06,0.0,0.0
SOTERRADA_CENTRO_06,True,DIR,True,LEITURA_CONFIAVEL,13.858,13.858,25.717,-4.142,-64.283,0.58,22.353,7.581,26.947,3.716,2.06,0.0,0.0
SOTERRADA_CENTRO_06,True,TOPO,True,LEITURA_MARGINAL_SEM_FOLGA,5.223,5.223,8.447,-12.777,-81.553,1.147,3.42,8.967,32.87,7.814,2.06,0.0,0.0
SOTERRADA_CENTRO_07,True,ESQ,True,LEITURA_CONFIAVEL,15.527,15.527,29.054,-2.473,-60.946,0.5503,11.608,8.617,26.49,3.541,2.06,0.0,0.0
SOTERRADA_CENTRO_07,True,DIR,True,LEITURA_CONFIAVEL,16.266,16.266,30.532,-1.734,-59.468,0.5228,12.227,8.575,26.046,3.204,2.06,0.0,0.0
SOTERRADA_CENTRO_07,True,TOPO,True,LEITURA_CONFIAVEL,7.274,7.274,12.548,-10.726,-77.452,1.0452,1.036,8.997,32.062,6.601,2.06,0.0,0.0
SOTERRADA_CENTRO_08,True,ESQ,True,LEITURA_CONFIAVEL,17.141,17.141,32.281,-0.859,-57.719,0.5037,3.687,8.961,25.723,3.039,2.06,0.0,0.0
SOTERRADA_CENTRO_08,True,DIR,True,LEITURA_CONFIAVEL,15.876,15.876,29.752,-2.124,-60.248,0.5483,3.387,8.967,26.458,3.574,2.06,0.0,0.0
SOTERRADA_CENTRO_08,True,TOPO,True,LEITURA_CONFIAVEL,9.327,9.327,16.654,-8.673,-73.346,0.9458,2.305,8.985,31.194,5.404,2.06,0.0,0.0
SOTERRADA_CENTRO_09,True,ESQ,True,LEITURA_CONFIAVEL,16.839,16.839,31.677,-1.161,-58.323,0.5065,10.349,8.696,25.77,3.028,2.06,0.0,0.0
SOTERRADA_CENTRO_09,True,DIR,True,LEITURA_CONFIAVEL,15.391,15.391,28.783,-2.609,-61.217,0.5592,9.364,8.751,26.63,3.67,2.06,0.0,0.0
SOTERRADA_CENTRO_09,True,TOPO,True,LEITURA_CONFIAVEL,11.505,11.505,21.01,-6.495,-68.99,0.8455,2.027,8.988,30.221,4.203,2.06,0.0,0.0
SOTERRADA_CENTRO_10,True,ESQ,True,LEITURA_CONFIAVEL,14.373,14.373,26.747,-3.627,-63.253,0.5678,20.499,7.806,26.763,3.611,2.06,0.0,0.0
SOTERRADA_CENTRO_10,True,DIR,True,LEITURA_CONFIAVEL,14.678,14.678,27.356,-3.322,-62.644,0.555,20.995,7.748,26.564,3.446,2.06,0.0,0.0
SOTERRADA_CENTRO_10,True,TOPO,True,LEITURA_CONFIAVEL,13.724,13.724,25.448,-4.276,-64.552,0.7473,4.532,8.942,29.149,3.009,2.06,0.0,0.0
SOTERRADA_CENTRO_11,True,ESQ,True,LEITURA_CONFIAVEL,12.311,12.311,22.623,-5.689,-67.377,0.6118,28.363,6.715,27.411,3.933,2.06,0.0,0.0
SOTERRADA_CENTRO_11,True,DIR,True,LEITURA_CONFIAVEL,12.769,12.769,23.538,-5.231,-66.462,0.5884,29.602,6.511,27.072,3.611,2.06,0.0,0.0
SOTERRADA_CENTRO_11,True,TOPO,True,LEITURA_CONFIAVEL,16.251,16.251,30.502,-1.749,-59.498,0.6454,2.108,8.987,27.875,1.801,2.06,0.0,0.0
SOTERRADA_CENTRO_12,True,ESQ,True,LEITURA_CONFIAVEL,9.919,9.919,17.838,-8.081,-72.162,0.6602,36.351,5.247,28.071,4.197,2.06,0.0,0.0
SOTERRADA_CENTRO_12,True,DIR,True,LEITURA_CONFIAVEL,10.078,10.078,18.157,-7.922,-71.843,0.6494,37.051,5.101,27.929,4.034,2.06,0.0,0.0
SOTERRADA_CENTRO_12,True,TOPO,True,LEITURA_CONFIAVEL,18.885,18.885,35.769,0.885,-54.231,0.546,3.411,8.967,26.422,0.601,2.06,0.0,0.0
PROBE_LATERAL,False,ESQ,False,FALHA_FORWARD_E_REVERSE,-162.681,-80.341,-162.681,-98.341,-252.681,1.9768,2.477,8.983,37.598,6.606,4.119,80.0,0.0
PROBE_LATERAL,False,DIR,False,FALHA_FORWARD_E_REVERSE,-168.076,-83.038,-168.076,-101.038,-258.076,0.9289,174.723,-11.0,31.038,0.0,0.0,80.0,0.0
PROBE_LATERAL,False,TOPO,False,FALHA_FORWARD_E_REVERSE,-164.708,-81.354,-164.708,-99.354,-254.708,1.7702,55.014,0.404,36.639,0.0,4.119,80.0,0.0
PROBE_FRENTE,False,ESQ,False,FALHA_FORWARD_E_REVERSE,-11.512,-4.756,-11.512,-22.756,-101.512,1.8959,73.924,-6.521,37.235,0.0,0.0,0.0,0.0
PROBE_FRENTE,False,DIR,False,FALHA_FORWARD_E_REVERSE,-11.512,-4.756,-11.512,-22.756,-101.512,1.8959,73.924,-6.521,37.235,0.0,0.0,0.0,0.0
PROBE_FRENTE,False,TOPO,False,FALHA_FORWARD_E_REVERSE,-11.385,-4.692,-11.385,-22.692,-101.385,2.0839,60.852,-1.517,38.056,0.0,4.119,0.0,0.0
PROBE_PRATELEIRA,False,ESQ,False,FALHA_FORWARD_E_REVERSE,-163.889,-80.945,-163.889,-98.945,-253.889,1.82,18.595,8.018,36.88,6.964,4.119,80.0,0.0
PROBE_PRATELEIRA,False,DIR,False,FALHA_FORWARD_E_REVERSE,-167.336,-82.668,-167.336,-100.668,-257.336,0.8902,139.312,-11.0,30.668,0.0,0.0,80.0,0.0
PROBE_PRATELEIRA,False,TOPO,False,FALHA_FORWARD_E_REVERSE,-163.456,-80.728,-163.456,-98.728,-253.456,1.6167,55.53,0.242,35.851,0.0,4.119,80.0,0.0
