parametro,valor
frequency_hz,915000000.0
reader_tx_power_dbm,28.0
eirp_limit_dbm,36.0
power_mode_eirp,1.0
reader_antenna_gain_dbi,9.0
cable_loss_db,1.0
tag_activation_dbm,-18.0
reader_sensitivity_dbm,-90.0
tag_gain_dbi,0.0
backscatter_link_loss_db,28.0
polarization_loss_db,3.0
tag_orientation_extra_loss_db,3.0
antenna_hpbw_deg,65.0
antenna_front_to_back_db,20.0
antenna_largest_dimension_m,0.26
override_wall_loss_db,80.0
use_cage_loss,1.0
cage_extra_diffraction_loss_db,1.5
use_textile_loss,1.0
textile_attenuation_db_per_m,12.0
use_scale_multipath,1.0
scale_multipath_penalty_db,2.0
use_inox_multipath,1.0
apply_inox_multipath_to_link,0.0
inox_reflection_coeff_mag,0.9
inox_reflection_phase_deg,180.0
inox_multipath_max_boost_db,12.0
inox_multipath_max_null_db,25.0
robustness_jitter_radius_m,0.05
robustness_grid_per_axis,3.0
scene_source,rfid_scene_metadata.json
reliable_margin_db,6.0
