tag,esperada_interna,antena_base,margem_sem_multipercurso_db,delta_multipercurso_primeira_ordem_db,reflexoes_validas,margem_com_multipercurso_aprox_db,variacao_margem_db,status_sem,status_com_aprox,observacao
PILHA_001,True,ESQ,13.783,1.778,4,16.66,2.877,LEITURA CONFIÁVEL,LEITURA CONFIÁVEL,Aproximação por método das imagens; validar com bancada/openEMS. Não calcula modos completos de cavidade.
PILHA_002,True,ESQ,15.673,1.253,4,16.926,1.253,LEITURA CONFIÁVEL,LEITURA CONFIÁVEL,Aproximação por método das imagens; validar com bancada/openEMS. Não calcula modos completos de cavidade.
PILHA_003,True,ESQ,17.7,-0.969,4,16.732,-0.969,LEITURA CONFIÁVEL,LEITURA CONFIÁVEL,Aproximação por método das imagens; validar com bancada/openEMS. Não calcula modos completos de cavidade.
PILHA_004,True,DIR,11.472,-3.694,4,7.778,-3.694,LEITURA CONFIÁVEL,LEITURA CONFIÁVEL,Aproximação por método das imagens; validar com bancada/openEMS. Não calcula modos completos de cavidade.
PILHA_005,True,ESQ,16.094,-0.939,4,15.155,-0.939,LEITURA CONFIÁVEL,LEITURA CONFIÁVEL,Aproximação por método das imagens; validar com bancada/openEMS. Não calcula modos completos de cavidade.
PILHA_006,True,TOPO,13.313,0.479,4,13.792,0.479,LEITURA CONFIÁVEL,LEITURA CONFIÁVEL,Aproximação por método das imagens; validar com bancada/openEMS. Não calcula modos completos de cavidade.
PILHA_007,True,ESQ,1.525,-2.851,4,2.561,1.036,LEITURA MARGINAL,LEITURA MARGINAL,Aproximação por método das imagens; validar com bancada/openEMS. Não calcula modos completos de cavidade.
PILHA_008,True,DIR,11.84,2.769,4,14.609,2.769,LEITURA CONFIÁVEL,LEITURA CONFIÁVEL,Aproximação por método das imagens; validar com bancada/openEMS. Não calcula modos completos de cavidade.
PILHA_009,True,ESQ,17.155,-0.683,4,16.472,-0.683,LEITURA CONFIÁVEL,LEITURA CONFIÁVEL,Aproximação por método das imagens; validar com bancada/openEMS. Não calcula modos completos de cavidade.
PILHA_010,True,ESQ,18.387,-1.158,4,17.229,-1.158,LEITURA CONFIÁVEL,LEITURA CONFIÁVEL,Aproximação por método das imagens; validar com bancada/openEMS. Não calcula modos completos de cavidade.
PILHA_011,True,DIR,17.07,-1.317,4,17.899,0.829,LEITURA CONFIÁVEL,LEITURA CONFIÁVEL,Aproximação por método das imagens; validar com bancada/openEMS. Não calcula modos completos de cavidade.
PILHA_012,True,DIR,15.774,-0.272,4,16.811,1.037,LEITURA CONFIÁVEL,LEITURA CONFIÁVEL,Aproximação por método das imagens; validar com bancada/openEMS. Não calcula modos completos de cavidade.
PILHA_013,True,DIR,16.533,1.025,4,18.007,1.475,LEITURA CONFIÁVEL,LEITURA CONFIÁVEL,Aproximação por método das imagens; validar com bancada/openEMS. Não calcula modos completos de cavidade.
PILHA_014,True,DIR,20.074,1.578,4,21.652,1.578,LEITURA CONFIÁVEL,LEITURA CONFIÁVEL,Aproximação por método das imagens; validar com bancada/openEMS. Não calcula modos completos de cavidade.
PILHA_015,True,DIR,19.532,1.601,4,21.133,1.601,LEITURA CONFIÁVEL,LEITURA CONFIÁVEL,Aproximação por método das imagens; validar com bancada/openEMS. Não calcula modos completos de cavidade.
PILHA_016,True,ESQ,17.179,-0.569,4,18.45,1.271,LEITURA CONFIÁVEL,LEITURA CONFIÁVEL,Aproximação por método das imagens; validar com bancada/openEMS. Não calcula modos completos de cavidade.
PILHA_017,True,DIR,14.101,-0.864,4,13.623,-0.478,LEITURA CONFIÁVEL,LEITURA CONFIÁVEL,Aproximação por método das imagens; validar com bancada/openEMS. Não calcula modos completos de cavidade.
PILHA_018,True,ESQ,8.852,5.214,4,14.067,5.214,LEITURA CONFIÁVEL,LEITURA CONFIÁVEL,Aproximação por método das imagens; validar com bancada/openEMS. Não calcula modos completos de cavidade.
PILHA_019,True,DIR,17.582,-1.124,4,18.394,0.812,LEITURA CONFIÁVEL,LEITURA CONFIÁVEL,Aproximação por método das imagens; validar com bancada/openEMS. Não calcula modos completos de cavidade.
PILHA_020,True,DIR,13.73,1.818,4,16.09,2.36,LEITURA CONFIÁVEL,LEITURA CONFIÁVEL,Aproximação por método das imagens; validar com bancada/openEMS. Não calcula modos completos de cavidade.
PILHA_021,True,ESQ,2.196,-2.227,4,4.013,1.817,LEITURA MARGINAL,LEITURA MARGINAL,Aproximação por método das imagens; validar com bancada/openEMS. Não calcula modos completos de cavidade.
PILHA_022,True,ESQ,14.107,0.719,4,15.974,1.866,LEITURA CONFIÁVEL,LEITURA CONFIÁVEL,Aproximação por método das imagens; validar com bancada/openEMS. Não calcula modos completos de cavidade.
PILHA_023,True,DIR,15.194,-0.736,4,16.123,0.929,LEITURA CONFIÁVEL,LEITURA CONFIÁVEL,Aproximação por método das imagens; validar com bancada/openEMS. Não calcula modos completos de cavidade.
PILHA_024,True,ESQ,6.575,4.792,4,11.367,4.792,LEITURA CONFIÁVEL,LEITURA CONFIÁVEL,Aproximação por método das imagens; validar com bancada/openEMS. Não calcula modos completos de cavidade.
PILHA_025,True,ESQ,11.077,-2.615,4,8.463,-2.615,LEITURA CONFIÁVEL,LEITURA CONFIÁVEL,Aproximação por método das imagens; validar com bancada/openEMS. Não calcula modos completos de cavidade.
PILHA_026,True,DIR,19.638,1.398,4,21.036,1.398,LEITURA CONFIÁVEL,LEITURA CONFIÁVEL,Aproximação por método das imagens; validar com bancada/openEMS. Não calcula modos completos de cavidade.
PILHA_027,True,ESQ,13.846,2.628,4,17.153,3.307,LEITURA CONFIÁVEL,LEITURA CONFIÁVEL,Aproximação por método das imagens; validar com bancada/openEMS. Não calcula modos completos de cavidade.
PILHA_028,True,ESQ,19.315,2.702,4,22.017,2.702,LEITURA CONFIÁVEL,LEITURA CONFIÁVEL,Aproximação por método das imagens; validar com bancada/openEMS. Não calcula modos completos de cavidade.
PILHA_029,True,ESQ,14.36,1.367,4,15.727,1.367,LEITURA CONFIÁVEL,LEITURA CONFIÁVEL,Aproximação por método das imagens; validar com bancada/openEMS. Não calcula modos completos de cavidade.
PILHA_030,True,DIR,12.89,2.493,4,15.437,2.547,LEITURA CONFIÁVEL,LEITURA CONFIÁVEL,Aproximação por método das imagens; validar com bancada/openEMS. Não calcula modos completos de cavidade.
PILHA_031,True,DIR,15.317,1.255,4,17.439,2.123,LEITURA CONFIÁVEL,LEITURA CONFIÁVEL,Aproximação por método das imagens; validar com bancada/openEMS. Não calcula modos completos de cavidade.
PILHA_032,True,DIR,8.047,4.606,4,12.653,4.606,LEITURA CONFIÁVEL,LEITURA CONFIÁVEL,Aproximação por método das imagens; validar com bancada/openEMS. Não calcula modos completos de cavidade.
PILHA_033,True,ESQ,7.839,2.452,4,10.29,2.452,LEITURA CONFIÁVEL,LEITURA CONFIÁVEL,Aproximação por método das imagens; validar com bancada/openEMS. Não calcula modos completos de cavidade.
PILHA_034,True,ESQ,9.529,5.02,4,14.55,5.02,LEITURA CONFIÁVEL,LEITURA CONFIÁVEL,Aproximação por método das imagens; validar com bancada/openEMS. Não calcula modos completos de cavidade.
PILHA_035,True,ESQ,18.714,-1.373,4,17.341,-1.373,LEITURA CONFIÁVEL,LEITURA CONFIÁVEL,Aproximação por método das imagens; validar com bancada/openEMS. Não calcula modos completos de cavidade.
PILHA_036,True,DIR,9.07,3.777,4,12.847,3.777,LEITURA CONFIÁVEL,LEITURA CONFIÁVEL,Aproximação por método das imagens; validar com bancada/openEMS. Não calcula modos completos de cavidade.
PILHA_037,True,ESQ,15.323,0.404,4,17.447,2.123,LEITURA CONFIÁVEL,LEITURA CONFIÁVEL,Aproximação por método das imagens; validar com bancada/openEMS. Não calcula modos completos de cavidade.
PILHA_038,True,DIR,17.63,-0.346,4,17.284,-0.346,LEITURA CONFIÁVEL,LEITURA CONFIÁVEL,Aproximação por método das imagens; validar com bancada/openEMS. Não calcula modos completos de cavidade.
PILHA_039,True,TOPO,15.555,-0.05,4,15.504,-0.05,LEITURA CONFIÁVEL,LEITURA CONFIÁVEL,Aproximação por método das imagens; validar com bancada/openEMS. Não calcula modos completos de cavidade.
PILHA_040,True,ESQ,5.986,5.257,4,11.243,5.257,LEITURA MARGINAL,LEITURA CONFIÁVEL,Aproximação por método das imagens; validar com bancada/openEMS. Não calcula modos completos de cavidade.
PILHA_041,True,ESQ,9.827,3.269,4,13.096,3.269,LEITURA CONFIÁVEL,LEITURA CONFIÁVEL,Aproximação por método das imagens; validar com bancada/openEMS. Não calcula modos completos de cavidade.
PILHA_042,True,ESQ,7.232,0.661,4,7.893,0.661,LEITURA CONFIÁVEL,LEITURA CONFIÁVEL,Aproximação por método das imagens; validar com bancada/openEMS. Não calcula modos completos de cavidade.
PILHA_043,True,ESQ,16.45,1.382,4,18.127,1.677,LEITURA CONFIÁVEL,LEITURA CONFIÁVEL,Aproximação por método das imagens; validar com bancada/openEMS. Não calcula modos completos de cavidade.
PILHA_044,True,ESQ,17.896,0.661,4,18.557,0.661,LEITURA CONFIÁVEL,LEITURA CONFIÁVEL,Aproximação por método das imagens; validar com bancada/openEMS. Não calcula modos completos de cavidade.
PILHA_045,True,DIR,14.794,1.847,4,16.641,1.847,LEITURA CONFIÁVEL,LEITURA CONFIÁVEL,Aproximação por método das imagens; validar com bancada/openEMS. Não calcula modos completos de cavidade.
PILHA_046,True,DIR,16.412,1.064,4,18.732,2.319,LEITURA CONFIÁVEL,LEITURA CONFIÁVEL,Aproximação por método das imagens; validar com bancada/openEMS. Não calcula modos completos de cavidade.
PILHA_047,True,DIR,9.101,-5.44,4,8.354,-0.747,LEITURA CONFIÁVEL,LEITURA CONFIÁVEL,Aproximação por método das imagens; validar com bancada/openEMS. Não calcula modos completos de cavidade.
PILHA_048,True,DIR,15.1,1.637,4,16.737,1.637,LEITURA CONFIÁVEL,LEITURA CONFIÁVEL,Aproximação por método das imagens; validar com bancada/openEMS. Não calcula modos completos de cavidade.
PILHA_049,True,DIR,11.458,-1.868,4,9.59,-1.868,LEITURA CONFIÁVEL,LEITURA CONFIÁVEL,Aproximação por método das imagens; validar com bancada/openEMS. Não calcula modos completos de cavidade.
PILHA_050,True,DIR,5.354,6.548,4,11.902,6.548,LEITURA MARGINAL,LEITURA CONFIÁVEL,Aproximação por método das imagens; validar com bancada/openEMS. Não calcula modos completos de cavidade.
PILHA_051,True,DIR,19.815,1.958,4,21.773,1.958,LEITURA CONFIÁVEL,LEITURA CONFIÁVEL,Aproximação por método das imagens; validar com bancada/openEMS. Não calcula modos completos de cavidade.
PILHA_052,True,ESQ,8.347,4.857,4,13.204,4.857,LEITURA CONFIÁVEL,LEITURA CONFIÁVEL,Aproximação por método das imagens; validar com bancada/openEMS. Não calcula modos completos de cavidade.
PILHA_053,True,ESQ,7.533,3.886,4,11.419,3.886,LEITURA CONFIÁVEL,LEITURA CONFIÁVEL,Aproximação por método das imagens; validar com bancada/openEMS. Não calcula modos completos de cavidade.
PILHA_054,True,ESQ,17.261,-0.626,4,18.713,1.452,LEITURA CONFIÁVEL,LEITURA CONFIÁVEL,Aproximação por método das imagens; validar com bancada/openEMS. Não calcula modos completos de cavidade.
PILHA_055,True,DIR,13.061,-0.4,4,12.661,-0.4,LEITURA CONFIÁVEL,LEITURA CONFIÁVEL,Aproximação por método das imagens; validar com bancada/openEMS. Não calcula modos completos de cavidade.
PILHA_056,True,DIR,9.361,3.859,4,13.22,3.859,LEITURA CONFIÁVEL,LEITURA CONFIÁVEL,Aproximação por método das imagens; validar com bancada/openEMS. Não calcula modos completos de cavidade.
PILHA_057,True,TOPO,14.213,1.507,4,15.72,1.507,LEITURA CONFIÁVEL,LEITURA CONFIÁVEL,Aproximação por método das imagens; validar com bancada/openEMS. Não calcula modos completos de cavidade.
PILHA_058,True,DIR,18.436,2.243,4,20.678,2.243,LEITURA CONFIÁVEL,LEITURA CONFIÁVEL,Aproximação por método das imagens; validar com bancada/openEMS. Não calcula modos completos de cavidade.
PILHA_059,True,DIR,13.201,-1.35,4,11.851,-1.35,LEITURA CONFIÁVEL,LEITURA CONFIÁVEL,Aproximação por método das imagens; validar com bancada/openEMS. Não calcula modos completos de cavidade.
PILHA_060,True,ESQ,12.673,3.612,4,16.53,3.857,LEITURA CONFIÁVEL,LEITURA CONFIÁVEL,Aproximação por método das imagens; validar com bancada/openEMS. Não calcula modos completos de cavidade.
PILHA_061,True,DIR,5.27,2.904,4,8.174,2.904,LEITURA MARGINAL,LEITURA CONFIÁVEL,Aproximação por método das imagens; validar com bancada/openEMS. Não calcula modos completos de cavidade.
PILHA_062,True,DIR,10.068,2.459,4,12.527,2.459,LEITURA CONFIÁVEL,LEITURA CONFIÁVEL,Aproximação por método das imagens; validar com bancada/openEMS. Não calcula modos completos de cavidade.
PILHA_063,True,ESQ,16.896,0.104,4,17.0,0.104,LEITURA CONFIÁVEL,LEITURA CONFIÁVEL,Aproximação por método das imagens; validar com bancada/openEMS. Não calcula modos completos de cavidade.
PILHA_064,True,DIR,16.677,2.433,4,19.109,2.433,LEITURA CONFIÁVEL,LEITURA CONFIÁVEL,Aproximação por método das imagens; validar com bancada/openEMS. Não calcula modos completos de cavidade.
PILHA_065,True,ESQ,5.339,-1.969,4,7.232,1.893,LEITURA MARGINAL,LEITURA CONFIÁVEL,Aproximação por método das imagens; validar com bancada/openEMS. Não calcula modos completos de cavidade.
PILHA_066,True,ESQ,16.467,0.426,4,18.273,1.806,LEITURA CONFIÁVEL,LEITURA CONFIÁVEL,Aproximação por método das imagens; validar com bancada/openEMS. Não calcula modos completos de cavidade.
PILHA_067,True,DIR,15.899,-1.915,4,16.061,0.162,LEITURA CONFIÁVEL,LEITURA CONFIÁVEL,Aproximação por método das imagens; validar com bancada/openEMS. Não calcula modos completos de cavidade.
PILHA_068,True,DIR,11.526,3.86,4,15.386,3.86,LEITURA CONFIÁVEL,LEITURA CONFIÁVEL,Aproximação por método das imagens; validar com bancada/openEMS. Não calcula modos completos de cavidade.
PILHA_069,True,TOPO,13.191,0.241,4,15.506,2.315,LEITURA CONFIÁVEL,LEITURA CONFIÁVEL,Aproximação por método das imagens; validar com bancada/openEMS. Não calcula modos completos de cavidade.
PILHA_070,True,ESQ,16.984,-1.46,4,16.672,-0.313,LEITURA CONFIÁVEL,LEITURA CONFIÁVEL,Aproximação por método das imagens; validar com bancada/openEMS. Não calcula modos completos de cavidade.
PILHA_071,True,DIR,16.48,-1.534,4,17.724,1.244,LEITURA CONFIÁVEL,LEITURA CONFIÁVEL,Aproximação por método das imagens; validar com bancada/openEMS. Não calcula modos completos de cavidade.
PILHA_072,True,DIR,15.505,-2.614,4,14.138,-1.367,LEITURA CONFIÁVEL,LEITURA CONFIÁVEL,Aproximação por método das imagens; validar com bancada/openEMS. Não calcula modos completos de cavidade.
PILHA_073,True,ESQ,14.56,1.513,4,17.164,2.603,LEITURA CONFIÁVEL,LEITURA CONFIÁVEL,Aproximação por método das imagens; validar com bancada/openEMS. Não calcula modos completos de cavidade.
PILHA_074,True,DIR,14.267,0.584,4,14.851,0.584,LEITURA CONFIÁVEL,LEITURA CONFIÁVEL,Aproximação por método das imagens; validar com bancada/openEMS. Não calcula modos completos de cavidade.
PILHA_075,True,DIR,5.049,3.826,4,8.875,3.826,LEITURA MARGINAL,LEITURA CONFIÁVEL,Aproximação por método das imagens; validar com bancada/openEMS. Não calcula modos completos de cavidade.
PILHA_076,True,DIR,19.425,1.652,4,21.077,1.652,LEITURA CONFIÁVEL,LEITURA CONFIÁVEL,Aproximação por método das imagens; validar com bancada/openEMS. Não calcula modos completos de cavidade.
PILHA_077,True,ESQ,13.602,3.294,4,17.101,3.499,LEITURA CONFIÁVEL,LEITURA CONFIÁVEL,Aproximação por método das imagens; validar com bancada/openEMS. Não calcula modos completos de cavidade.
PILHA_078,True,DIR,12.515,2.94,4,15.455,2.94,LEITURA CONFIÁVEL,LEITURA CONFIÁVEL,Aproximação por método das imagens; validar com bancada/openEMS. Não calcula modos completos de cavidade.
PILHA_079,True,DIR,19.884,2.195,4,22.079,2.195,LEITURA CONFIÁVEL,LEITURA CONFIÁVEL,Aproximação por método das imagens; validar com bancada/openEMS. Não calcula modos completos de cavidade.
PILHA_080,True,DIR,16.317,1.816,4,18.576,2.259,LEITURA CONFIÁVEL,LEITURA CONFIÁVEL,Aproximação por método das imagens; validar com bancada/openEMS. Não calcula modos completos de cavidade.
SOTERRADA_CENTRO_01,True,ESQ,0.721,-1.525,4,-2.329,-3.049,LEITURA MARGINAL,ZONA MORTA,Aproximação por método das imagens; validar com bancada/openEMS. Não calcula modos completos de cavidade.
SOTERRADA_CENTRO_02,True,ESQ,4.137,-0.577,4,3.56,-0.577,LEITURA MARGINAL,LEITURA MARGINAL,Aproximação por método das imagens; validar com bancada/openEMS. Não calcula modos completos de cavidade.
SOTERRADA_CENTRO_03,True,DIR,6.797,3.372,4,10.169,3.372,LEITURA CONFIÁVEL,LEITURA CONFIÁVEL,Aproximação por método das imagens; validar com bancada/openEMS. Não calcula modos completos de cavidade.
SOTERRADA_CENTRO_04,True,DIR,9.676,4.57,4,14.246,4.57,LEITURA CONFIÁVEL,LEITURA CONFIÁVEL,Aproximação por método das imagens; validar com bancada/openEMS. Não calcula modos completos de cavidade.
SOTERRADA_CENTRO_05,True,ESQ,12.098,4.047,4,16.161,4.063,LEITURA CONFIÁVEL,LEITURA CONFIÁVEL,Aproximação por método das imagens; validar com bancada/openEMS. Não calcula modos completos de cavidade.
SOTERRADA_CENTRO_06,True,ESQ,14.338,1.773,4,16.708,2.37,LEITURA CONFIÁVEL,LEITURA CONFIÁVEL,Aproximação por método das imagens; validar com bancada/openEMS. Não calcula modos completos de cavidade.
SOTERRADA_CENTRO_07,True,DIR,16.266,0.845,4,18.158,1.892,LEITURA CONFIÁVEL,LEITURA CONFIÁVEL,Aproximação por método das imagens; validar com bancada/openEMS. Não calcula modos completos de cavidade.
SOTERRADA_CENTRO_08,True,ESQ,17.141,-0.195,4,18.64,1.499,LEITURA CONFIÁVEL,LEITURA CONFIÁVEL,Aproximação por método das imagens; validar com bancada/openEMS. Não calcula modos completos de cavidade.
SOTERRADA_CENTRO_09,True,ESQ,16.839,0.191,4,18.792,1.954,LEITURA CONFIÁVEL,LEITURA CONFIÁVEL,Aproximação por método das imagens; validar com bancada/openEMS. Não calcula modos completos de cavidade.
SOTERRADA_CENTRO_10,True,DIR,14.678,1.682,4,16.774,2.096,LEITURA CONFIÁVEL,LEITURA CONFIÁVEL,Aproximação por método das imagens; validar com bancada/openEMS. Não calcula modos completos de cavidade.
SOTERRADA_CENTRO_11,True,TOPO,16.251,1.35,4,17.601,1.35,LEITURA CONFIÁVEL,LEITURA CONFIÁVEL,Aproximação por método das imagens; validar com bancada/openEMS. Não calcula modos completos de cavidade.
SOTERRADA_CENTRO_12,True,TOPO,18.885,2.236,4,21.12,2.236,LEITURA CONFIÁVEL,LEITURA CONFIÁVEL,Aproximação por método das imagens; validar com bancada/openEMS. Não calcula modos completos de cavidade.
PROBE_LATERAL,False,ESQ,-162.681,-6.762,3,-157.826,4.855,ZONA MORTA,ZONA MORTA,Aproximação por método das imagens; validar com bancada/openEMS. Não calcula modos completos de cavidade.
PROBE_FRENTE,False,TOPO,-11.385,3.132,2,-5.122,6.263,ZONA MORTA,ZONA MORTA,Aproximação por método das imagens; validar com bancada/openEMS. Não calcula modos completos de cavidade.
PROBE_PRATELEIRA,False,TOPO,-163.456,0.29,2,-145.479,17.977,ZONA MORTA,ZONA MORTA,Aproximação por método das imagens; validar com bancada/openEMS. Não calcula modos completos de cavidade.
