tag,x_m,y_m,z_m,raio_teste_m,pontos_testados,margem_nominal_db,margem_min_db,margem_media_db,margem_std_db,pontos_falha,pontos_marginais,antenas_mais_usadas,risco_robustez
PILHA_001,-0.0336,0.2223,1.1568,0.05,7,13.783,12.549,13.814,0.746,0,0,"ESQ, DIR",BAIXO
PILHA_002,-0.1023,0.0113,0.8441,0.05,7,15.673,14.216,15.602,0.897,0,0,ESQ,BAIXO
PILHA_003,-0.067,0.0779,1.1067,0.05,7,17.7,16.341,17.619,0.842,0,0,ESQ,BAIXO
PILHA_004,0.0886,0.0414,0.7138,0.05,7,11.472,9.968,11.426,0.854,0,0,DIR,BAIXO
PILHA_005,-0.0753,0.0778,0.908,0.05,7,16.094,14.979,16.022,0.86,0,0,ESQ,BAIXO
PILHA_006,-0.08,0.2918,1.3917,0.05,7,13.313,12.417,13.389,0.585,0,0,TOPO,BAIXO
PILHA_007,-0.1679,-0.0206,0.3726,0.05,7,1.525,-1.544,1.339,1.343,1,6,ESQ,ALTO: pequena variação cria zona morta
PILHA_008,0.0339,0.1897,0.8225,0.05,7,11.84,10.756,11.859,0.767,0,0,"DIR, ESQ",BAIXO
PILHA_009,-0.0639,0.0546,1.191,0.05,7,17.155,15.871,17.079,0.841,0,0,ESQ,BAIXO
PILHA_010,-0.066,-0.073,1.0761,0.05,7,18.387,16.911,18.298,0.828,0,0,ESQ,BAIXO
PILHA_011,0.0427,-0.0589,0.9757,0.05,7,17.07,16.118,17.052,0.736,0,0,"DIR, ESQ",BAIXO
PILHA_012,0.0172,0.0772,0.9737,0.05,7,15.774,15.085,15.939,0.64,0,0,"DIR, ESQ",BAIXO
PILHA_013,0.0053,0.0256,1.0715,0.05,7,16.533,16.09,16.822,0.659,0,0,"DIR, ESQ",BAIXO
PILHA_014,0.1544,-0.0255,1.0025,0.05,7,20.074,19.247,19.932,0.452,0,0,DIR,BAIXO
PILHA_015,0.1175,-0.0767,1.1524,0.05,7,19.532,18.045,19.283,0.679,0,0,DIR,BAIXO
PILHA_016,-0.0263,0.0144,1.0607,0.05,7,17.179,16.767,17.296,0.583,0,0,"ESQ, DIR",BAIXO
PILHA_017,0.0623,-0.0309,0.809,0.05,7,14.101,12.715,14.042,0.845,0,0,DIR,BAIXO
PILHA_018,-0.015,-0.113,0.648,0.05,7,8.852,7.507,8.914,0.747,0,0,"ESQ, DIR",BAIXO
PILHA_019,0.0391,0.0126,1.0857,0.05,7,17.582,16.767,17.593,0.677,0,0,"DIR, ESQ",BAIXO
PILHA_020,0.0125,0.0554,0.8458,0.05,7,13.73,12.602,13.883,0.71,0,0,"DIR, ESQ",BAIXO
PILHA_021,-0.1832,-0.2959,0.4281,0.05,7,2.196,-0.389,2.151,1.108,1,6,ESQ,ALTO: pequena variação cria zona morta
PILHA_022,-0.021,-0.21,0.9213,0.05,7,14.107,13.173,14.215,0.702,0,0,"ESQ, DIR",BAIXO
PILHA_023,0.0351,0.0589,0.8964,0.05,7,15.194,14.147,15.224,0.722,0,0,"DIR, ESQ",BAIXO
PILHA_024,-0.0063,-0.1494,0.5727,0.05,7,6.575,5.273,6.634,0.729,0,1,"ESQ, DIR",MÉDIO: pequena variação cria leitura marginal
PILHA_025,-0.0784,0.0354,0.7027,0.05,7,11.077,9.593,11.033,0.841,0,0,ESQ,BAIXO
PILHA_026,0.1021,-0.0316,1.097,0.05,7,19.638,18.072,19.415,0.652,0,0,DIR,BAIXO
PILHA_027,-0.0161,-0.0841,0.8386,0.05,7,13.846,12.674,13.979,0.706,0,0,"ESQ, DIR",BAIXO
PILHA_028,-0.1357,0.0385,0.9771,0.05,7,19.315,18.015,19.051,0.656,0,0,ESQ,BAIXO
PILHA_029,-0.1136,0.0064,0.7929,0.05,7,14.36,12.787,14.296,0.908,0,0,ESQ,BAIXO
PILHA_030,0.0017,0.1419,0.8626,0.05,7,12.89,11.907,13.084,0.742,0,0,"DIR, ESQ",BAIXO
PILHA_031,0.0141,0.0195,1.2462,0.05,7,15.317,14.368,15.495,0.662,0,0,"DIR, ESQ",BAIXO
PILHA_032,0.028,0.1296,0.6347,0.05,7,8.047,6.736,8.068,0.753,0,0,"DIR, ESQ",BAIXO
PILHA_033,-0.0728,-0.0345,0.5896,0.05,7,7.839,6.398,7.808,0.792,0,0,ESQ,BAIXO
PILHA_034,-0.0175,-0.1303,0.6763,0.05,7,9.529,8.194,9.591,0.75,0,0,"ESQ, DIR",BAIXO
PILHA_035,-0.2295,-0.0083,0.9088,0.05,7,18.714,17.391,18.6,0.683,0,0,ESQ,BAIXO
PILHA_036,0.0395,-0.0164,0.6404,0.05,7,9.07,7.658,9.063,0.776,0,0,"DIR, ESQ",BAIXO
PILHA_037,-0.0326,-0.0542,0.8862,0.05,7,15.323,14.219,15.37,0.705,0,0,"ESQ, DIR",BAIXO
PILHA_038,0.2179,-0.223,0.9848,0.05,7,17.63,16.424,17.533,0.696,0,0,DIR,BAIXO
PILHA_039,-0.0382,-0.0048,1.3443,0.05,7,15.555,15.005,15.61,0.527,0,0,"TOPO, ESQ",BAIXO
PILHA_040,-0.2157,0.2579,0.5963,0.05,7,5.986,4.771,5.987,0.769,0,4,ESQ,MÉDIO: pequena variação cria leitura marginal
PILHA_041,-0.057,0.1885,0.7229,0.05,7,9.827,8.567,9.788,0.808,0,0,ESQ,BAIXO
PILHA_042,-0.1006,0.2808,0.6691,0.05,7,7.232,6.049,7.274,0.73,0,0,ESQ,BAIXO
PILHA_043,-0.0032,-0.058,1.0271,0.05,7,16.45,16.026,16.756,0.681,0,0,"ESQ, DIR",BAIXO
PILHA_044,-0.0963,-0.1132,0.9614,0.05,7,17.896,16.608,17.789,0.85,0,0,ESQ,BAIXO
PILHA_045,0.2149,0.2439,0.9426,0.05,7,14.794,13.037,14.675,1.019,0,0,DIR,BAIXO
PILHA_046,0.0172,-0.0364,1.1855,0.05,7,16.412,15.699,16.592,0.609,0,0,"DIR, ESQ",BAIXO
PILHA_047,0.1207,0.0162,0.6261,0.05,7,9.101,7.572,9.068,0.843,0,0,DIR,BAIXO
PILHA_048,0.1297,0.1527,0.8769,0.05,7,15.1,13.833,15.031,0.931,0,0,DIR,BAIXO
PILHA_049,0.1148,-0.0981,0.7053,0.05,7,11.458,9.891,11.411,0.879,0,0,DIR,BAIXO
PILHA_050,0.2595,0.0005,0.4927,0.05,7,5.354,4.082,5.214,0.776,0,6,DIR,MÉDIO: pequena variação cria leitura marginal
PILHA_051,0.1106,0.008,1.0745,0.05,7,19.815,18.249,19.566,0.635,0,0,DIR,BAIXO
PILHA_052,-0.0038,-0.0747,0.6275,0.05,7,8.347,7.006,8.434,0.743,0,0,"ESQ, DIR",BAIXO
PILHA_053,-0.0263,0.0811,0.6017,0.05,7,7.533,6.191,7.556,0.747,0,0,"ESQ, DIR",BAIXO
PILHA_054,-0.038,-0.029,1.1607,0.05,7,17.261,16.531,17.28,0.678,0,0,"ESQ, DIR",BAIXO
PILHA_055,0.1051,-0.0137,0.753,0.05,7,13.061,11.489,13.005,0.888,0,0,DIR,BAIXO
PILHA_056,0.0191,0.0156,0.6597,0.05,7,9.361,7.993,9.416,0.751,0,0,"DIR, ESQ",BAIXO
PILHA_057,0.0179,0.223,1.3704,0.05,7,14.213,13.192,14.178,0.678,0,0,TOPO,BAIXO
PILHA_058,0.1674,-0.0202,1.2617,0.05,7,18.436,17.044,18.216,0.694,0,0,DIR,BAIXO
PILHA_059,0.0947,-0.0646,0.763,0.05,7,13.201,11.67,13.145,0.877,0,0,DIR,BAIXO
PILHA_060,-0.0128,-0.0941,0.7929,0.05,7,12.673,11.428,12.802,0.729,0,0,"ESQ, DIR",BAIXO
PILHA_061,0.0883,-0.0083,0.4981,0.05,7,5.27,3.902,5.25,0.75,0,6,DIR,MÉDIO: pequena variação cria leitura marginal
PILHA_062,0.1673,-0.114,0.6568,0.05,7,10.068,8.465,10.033,0.895,0,0,DIR,BAIXO
PILHA_063,-0.2171,-0.2687,1.0333,0.05,7,16.896,15.515,16.751,0.734,0,0,ESQ,BAIXO
PILHA_064,0.1358,-0.0874,0.8611,0.05,7,16.677,15.129,16.581,0.935,0,0,DIR,BAIXO
PILHA_065,-0.184,-0.1335,0.5043,0.05,7,5.339,3.985,5.334,0.758,0,6,ESQ,MÉDIO: pequena variação cria leitura marginal
PILHA_066,-0.0187,-0.0236,0.9757,0.05,7,16.467,15.755,16.635,0.606,0,0,"ESQ, DIR",BAIXO
PILHA_067,0.037,0.0897,0.9573,0.05,7,15.899,15.105,15.919,0.716,0,0,"DIR, ESQ",BAIXO
PILHA_068,0.0042,0.0,0.7468,0.05,7,11.526,10.233,11.673,0.746,0,0,"DIR, ESQ",BAIXO
PILHA_069,-0.0076,0.1854,1.2976,0.05,7,13.191,12.572,13.296,0.497,0,0,"TOPO, ESQ",BAIXO
PILHA_070,-0.06,-0.0985,1.2059,0.05,7,16.984,15.713,16.909,0.837,0,0,ESQ,BAIXO
PILHA_071,0.0377,-0.1545,1.1426,0.05,7,16.48,15.64,16.498,0.703,0,0,"DIR, ESQ",BAIXO
PILHA_072,0.2638,0.1873,1.2554,0.05,7,15.505,14.005,15.321,0.916,0,0,DIR,BAIXO
PILHA_073,-0.023,-0.0092,0.8595,0.05,7,14.56,13.409,14.662,0.693,0,0,"ESQ, DIR",BAIXO
PILHA_074,0.1156,-0.2273,0.8632,0.05,7,14.267,13.037,14.204,0.907,0,0,DIR,BAIXO
PILHA_075,0.0233,-0.0329,0.4984,0.05,7,5.049,3.728,5.067,0.718,0,6,"DIR, ESQ",MÉDIO: pequena variação cria leitura marginal
PILHA_076,0.1357,-0.1359,1.1273,0.05,7,19.425,18.145,19.185,0.629,0,0,DIR,BAIXO
PILHA_077,-0.0048,-0.0933,0.8397,0.05,7,13.602,12.469,13.798,0.727,0,0,"ESQ, DIR",BAIXO
PILHA_078,0.229,-0.0118,0.714,0.05,7,12.515,10.679,12.459,1.017,0,0,DIR,BAIXO
PILHA_079,0.137,0.0389,1.1187,0.05,7,19.884,18.705,19.7,0.531,0,0,DIR,BAIXO
PILHA_080,0.0052,-0.0618,1.1575,0.05,7,16.317,15.766,16.599,0.667,0,0,"DIR, ESQ",BAIXO
SOTERRADA_CENTRO_01,-0.0259,0.0194,0.37,0.05,7,0.721,-2.391,0.603,1.449,1,6,"ESQ, DIR",ALTO: pequena variação cria zona morta
SOTERRADA_CENTRO_02,-0.0042,0.029,0.47,0.05,7,4.137,2.858,4.177,0.7,0,7,"ESQ, DIR",MÉDIO: pequena variação cria leitura marginal
SOTERRADA_CENTRO_03,0.0165,0.0452,0.57,0.05,7,6.797,5.459,6.836,0.735,0,1,"DIR, ESQ",MÉDIO: pequena variação cria leitura marginal
SOTERRADA_CENTRO_04,0.0161,-0.039,0.67,0.05,7,9.676,8.309,9.744,0.75,0,0,"DIR, ESQ",BAIXO
SOTERRADA_CENTRO_05,-0.0015,-0.0291,0.77,0.05,7,12.098,10.835,12.272,0.748,0,0,"ESQ, DIR",BAIXO
SOTERRADA_CENTRO_06,-0.0114,0.0375,0.87,0.05,7,14.338,13.265,14.511,0.697,0,0,"ESQ, DIR",BAIXO
SOTERRADA_CENTRO_07,0.014,-0.0173,0.97,0.05,7,16.266,15.539,16.469,0.622,0,0,"DIR, ESQ",BAIXO
SOTERRADA_CENTRO_08,-0.0223,0.0008,1.07,0.05,7,17.141,16.811,17.292,0.569,0,0,"ESQ, DIR",BAIXO
SOTERRADA_CENTRO_09,-0.0268,-0.0166,1.17,0.05,7,16.839,16.179,16.947,0.606,0,0,"ESQ, DIR",BAIXO
SOTERRADA_CENTRO_10,0.0069,0.0287,1.27,0.05,7,14.678,14.278,15.07,0.497,0,0,"DIR, ESQ, TOPO",BAIXO
SOTERRADA_CENTRO_11,0.0134,-0.0496,1.37,0.05,7,16.251,15.005,16.209,0.683,0,0,TOPO,BAIXO
SOTERRADA_CENTRO_12,0.0067,0.0018,1.47,0.05,7,18.885,17.529,18.828,0.751,0,0,TOPO,BAIXO
