,x=-1.800,x=-1.733,x=-1.667,x=-1.600,x=-1.533,x=-1.467,x=-1.400,x=-1.333,x=-1.267,x=-1.200,x=-1.133,x=-1.067,x=-1.000,x=-0.933,x=-0.867,x=-0.800,x=-0.733,x=-0.667,x=-0.600,x=-0.533,x=-0.467,x=-0.400,x=-0.333,x=-0.267,x=-0.200,x=-0.133,x=-0.067,x=0.000,x=0.067,x=0.133,x=0.200,x=0.267,x=0.333,x=0.400,x=0.467,x=0.533,x=0.600,x=0.667,x=0.733,x=0.800,x=0.867,x=0.933,x=1.000,x=1.067,x=1.133,x=1.200,x=1.267,x=1.333,x=1.400,x=1.467,x=1.533,x=1.600,x=1.667,x=1.733,x=1.800
y=-2.200,-47.68740363619311,-47.4365709218215,-47.19645491218702,-46.9672482660735,-46.749046236596755,-46.54181713411576,-46.43289625990529,-46.72486989762743,-47.04732429867687,-47.40216841106826,-47.791386741441514,-48.217034013665824,-48.41635280171394,-48.06907438163549,-47.73829213550425,-47.425336234487844,-47.13152482395299,-46.85815008582824,-46.6064634486239,-44.9572949997887,-45.80940240211666,-45.99311072468822,-45.83933449993617,-45.71235250234898,-45.61285261007694,-45.5413821618215,-45.4983388771233,-45.48396414051126,-45.4983388771233,-45.5413821618215,-45.61285261007694,-45.71235250234898,-45.83933449993614,-45.99311072468822,-45.80940240211666,-44.9572949997887,-46.6064634486239,-46.85815008582824,-47.13152482395299,-47.425336234487844,-47.73829213550425,-48.06907438163549,-48.41635280171394,-48.217034013665824,-47.791386741441514,-47.40216841106826,-47.04732429867687,-46.72486989762743,-46.43289625990528,-46.54181713411576,-46.749046236596755,-46.9672482660735,-47.19645491218702,-47.4365709218215,-47.68740363619311
y=-2.133,-47.435749204225544,-47.165253409202506,-46.90585696584594,-46.65785596730089,-46.42146403694734,-46.19678465920978,-45.983776588939804,-45.92444401726419,-46.22975283669564,-46.567801107204374,-46.94069882982039,-47.35064062348435,-47.637610034257676,-47.271483398111755,-46.92238306546723,-46.591762824264165,-46.28106798544344,-45.99171973542232,-45.725098400084875,-44.009144263751054,-44.859806874630735,-45.07441578700872,-44.91106916743978,-44.776119552283475,-44.67033523123237,-44.594328246826066,-44.548543731966504,-44.53325200904959,-44.548543731966504,-44.594328246826066,-44.67033523123237,-44.776119552283475,-44.91106916743978,-45.07441578700872,-44.859806874630735,-44.009144263751054,-45.725098400084875,-45.99171973542232,-46.28106798544344,-46.591762824264165,-46.92238306546723,-47.271483398111755,-47.637610034257676,-47.35064062348435,-46.94069882982039,-46.567801107204374,-46.22975283669564,-45.92444401726419,-45.98377658893982,-46.19678465920978,-46.42146403694734,-46.65785596730089,-46.90585696584594,-47.165253409202506,-47.435749204225544
y=-2.067,-47.19919459584116,-46.907411086766345,-46.627040381501615,-46.35847988730946,-46.10205997618266,-45.85801832804633,-45.626467596802655,-45.40735469136598,-45.40120668500121,-45.72103839524506,-46.076126260229685,-46.46881027999882,-46.84237772914622,-46.456111978901134,-46.08740067484395,-45.73783365490013,-45.408996935066284,-45.102455151242765,-44.81973261814724,-44.56229334798405,-43.88008765826231,-44.128695445195916,-43.95497795286053,-43.811386516048685,-43.69878100326298,-43.61784727772097,-43.56908463879881,-43.5527964980608,-43.56908463879881,-43.61784727772097,-43.69878100326298,-43.811386516048685,-43.95497795286053,-44.128695445195916,-43.88008765826231,-44.56229334798405,-44.81973261814724,-45.102455151242765,-45.408996935066284,-45.73783365490013,-46.08740067484395,-46.456111978901134,-46.842377729146165,-46.46881027999882,-46.076126260229685,-45.72103839524506,-45.40120668500121,-45.40735469136598,-45.62646759680267,-45.85801832804633,-46.10205997618266,-46.35847988730946,-46.627040381501615,-46.907411086766345,-47.19919459584116
y=-2.000,-46.98063989431664,-46.66586181430401,-46.3627344663049,-46.07175360854505,-45.79336384270378,-45.527935123276634,-45.27573286057121,-45.03687994491091,-44.81130854786012,-44.862347492688755,-45.19804788178226,-45.571819581648555,-45.986266874357426,-46.444100882020024,-46.94812902242079,-47.501240824940794,-48.10638963857619,-48.76656978984346,-49.484788804376066,-50.26403439864404,-42.868986849471256,-43.77897216952081,-44.75841783438983,-45.80979627634234,-46.935318489231605,-48.13687435102729,-49.41597198836267,-50.77367807984592,-49.41597198836267,-48.13687435102729,-46.935318489231605,-45.809796276342354,-44.75841783438983,-43.77897216952081,-42.868986849471256,-50.26403439864404,-49.484788804376066,-48.76656978984346,-48.10638963857619,-47.501240824940794,-46.94812902242079,-46.444100882020024,-45.986266874357426,-45.571819581648555,-45.19804788178226,-44.862347492688755,-44.81130854786012,-45.03687994491091,-45.27573286057121,-45.527935123276634,-45.79336384270378,-46.07175360854505,-46.3627344663049,-46.66586181430401,-46.98063989431664
y=-1.933,-46.78338268900174,-46.44381661829267,-46.11605726559537,-45.800694832793894,-45.49828461231627,-45.209325823430774,-44.93423434430545,-44.67330770595876,-44.426680250019444,-44.19426573751103,-44.30696368386387,-44.66006491206667,-45.05439965592345,-45.49287730772684,-45.97852768705657,-46.51448761828557,-47.10398289848504,-47.75030506606055,-48.45678242468594,-49.22674486484394,-50.063482165662705,-42.731946426637805,-43.711694183560525,-44.76733018206937,-45.90143836694921,-47.11626289707675,-48.41363637688704,-49.736115975019516,-48.41363637688704,-47.11626289707675,-45.90143836694921,-44.76733018206937,-43.711694183560525,-42.731946426637805,-50.06348216566272,-49.22674486484394,-48.45678242468594,-47.75030506606055,-47.10398289848504,-46.51448761828557,-45.97852768705657,-45.49287730772684,-45.05439965592345,-44.66006491206667,-44.30696368386387,-44.19426573751103,-44.426680250019444,-44.67330770595876,-44.93423434430545,-45.209325823430774,-45.49828461231627,-45.800694832793894,-46.11605726559537,-46.44381661829267,-46.78338268900174
y=-1.867,-46.61118066529566,-46.24494149436208,-45.8905766715541,-45.54876589023172,-45.220170449326744,-44.90541458112028,-44.605061013230085,-44.31957917407445,-44.0493039941186,-43.79438265066378,-43.554705795639606,-43.73408092594747,-44.10633625429969,-44.52339314609998,-44.98851501111133,-45.50510124387095,-46.07666999630128,-46.70683506331926,-47.39927613610409,-48.157701751731054,-48.98580440567173,-41.64895827380265,-42.62715492925199,-43.685438917608465,-44.82682872603431,-46.053986049778686,-47.36913078267543,-48.65925035975087,-47.36913078267543,-46.053986049778686,-44.82682872603431,-43.685438917608465,-42.627154929252,-41.64895827380265,-48.98580440567173,-48.157701751731054,-47.39927613610409,-46.70683506331926,-46.07666999630128,-45.50510124387095,-44.98851501111133,-44.52339314609998,-44.10633625429969,-43.73408092594747,-43.554705795639606,-43.79438265066378,-44.0493039941186,-44.31957917407445,-44.605061013230085,-44.90541458112028,-45.220170449326744,-45.54876589023172,-45.8905766715541,-46.24494149436208,-46.61118066529566
y=-1.800,-46.46832704489606,-46.073431749809686,-45.69038378241734,-45.31994623376127,-44.962880455498464,-44.61993004313058,-44.29179943312714,-43.97912557265212,-43.68244067091295,-43.402123446370524,-43.13833548955431,-42.89093828789983,-43.14264759683155,-43.536074346740634,-43.97834819260471,-44.4731455095135,-45.02429643974625,-45.63576258521823,-46.311607114596626,-47.055956340502746,-47.87295194518899,-48.29584539422038,-41.502920023103215,-42.56193139727604,-43.70900316442166,-44.94728956749458,-46.27947333779824,-47.547894301106936,-46.27947333779824,-44.94728956749458,-43.70900316442166,-42.561931397276,-41.502920023103215,-48.29584539422038,-47.87295194518899,-47.055956340502746,-46.311607114596626,-45.63576258521823,-45.02429643974625,-44.4731455095135,-43.97834819260471,-43.536074346740634,-43.14264759683155,-42.89093828789983,-43.13833548955431,-43.402123446370524,-43.68244067091295,-43.97912557265212,-44.29179943312715,-44.61993004313058,-44.962880455498464,-45.31994623376127,-45.69038378241734,-46.073431749809686,-46.46832704489606
y=-1.733,-46.35974233892503,-45.93410223728158,-45.52018175341934,-45.118820052268006,-44.730871196446444,-44.35719094273885,-43.99861857794677,-43.655952310534744,-43.3299162925411,-43.02111676129971,-42.72998400931104,-42.45669583625556,-42.20107669681123,-42.5315291864062,-42.948462326319714,-43.4188535490768,-43.94686371107194,-44.5368276854185,-45.193225199013995,-45.92064180389232,-46.72371878452822,-47.201949710484,-40.33706282384095,-41.394517308628764,-42.54532084512405,-43.79320918095985,-45.14141885738694,-46.40094482092559,-45.14141885738694,-43.79320918095985,-42.54532084512405,-41.394517308628764,-40.33706282384095,-47.201949710484,-46.72371878452822,-45.92064180389232,-45.193225199013995,-44.5368276854185,-43.94686371107194,-43.4188535490768,-42.948462326319714,-42.5315291864062,-42.20107669681123,-42.45669583625556,-42.72998400931104,-43.02111676129971,-43.3299162925411,-43.655952310534744,-43.99861857794677,-44.35719094273885,-44.730871196446444,-45.118820052268006,-45.52018175341934,-45.93410223728158,-46.35974233892503
y=-1.667,-46.29108702623188,-45.83249794281602,-45.38539445457482,-44.9506831717471,-44.52930203138558,-44.12221005174315,-43.730372601140914,-43.35474076584627,-42.99622296838031,-42.655646413358994,-42.33370517027386,-42.030890666571565,-41.74739895046034,-41.51057851572784,-41.89950321178753,-42.34266280361804,-42.844565834264955,-43.409945007780095,-44.043729946870144,-44.75100867265246,-45.53697612500113,-46.07629362638856,-45.81852542762171,-40.18081946710839,-41.33298872711573,-42.58856140386459,-43.95143748281946,-45.21738927617338,-43.95143748281946,-42.58856140386459,-41.33298872711573,-40.18081946710841,-45.81852542762171,-46.07629362638856,-45.536976125001075,-44.75100867265246,-44.043729946870144,-43.409945007780095,-42.844565834264955,-42.34266280361804,-41.89950321178753,-41.51057851572784,-41.74739895046034,-42.030890666571565,-42.33370517027386,-42.655646413358994,-42.99622296838031,-43.35474076584627,-43.730372601140914,-44.12221005174315,-44.52930203138558,-44.9506831717471,-45.38539445457482,-45.83249794281602,-46.29108702623188
y=-1.600,-46.26890136520426,-45.77503093643429,-45.2923007435885,-44.82167485386282,-44.36416465947971,-43.92082171319308,-43.49272660559774,-43.08097254953975,-42.68664191447952,-42.310773391634854,-41.9543167177718,-41.61807086820923,-41.30260024119785,-41.00812143816947,-40.832364502632586,-41.24525529794097,-41.71783221698796,-42.255248353024015,-42.86291577101538,-43.54646905354336,-44.31171385004032,-44.91847827910699,-44.642037026610666,-38.918393743770636,-40.0690696783783,-41.32993792270376,-42.70569407276764,-43.99634794551423,-42.70569407276764,-41.32993792270376,-40.0690696783783,-38.91839374377065,-44.642037026610666,-44.91847827910699,-44.311713850040334,-43.54646905354336,-42.86291577101538,-42.255248353024015,-41.71783221698796,-41.24525529794097,-40.832364502632586,-41.00812143816947,-41.30260024119785,-41.61807086820923,-41.9543167177718,-42.310773391634854,-42.68664191447952,-43.08097254953975,-43.49272660559774,-43.92082171319308,-44.36416465947971,-44.82167485386282,-45.2923007435885,-45.77503093643429,-46.26890136520426
y=-1.533,-46.300780788510096,-45.769151864455054,-45.2482022620448,-44.73894212914388,-44.24244425035792,-43.75984005576261,-43.292312251792566,-42.84108283520567,-42.407394842009936,-41.99248563630019,-41.59754880833992,-41.22368075468063,-40.87180665109008,-40.54257864747646,-40.236236481213865,-40.127603638768775,-40.56737747583762,-41.07314350864674,-41.65082655655782,-42.306651375368716,-43.047093283660985,-43.72832922906781,-43.43153076507872,-43.184785965480245,-38.750499024010864,-40.013705732619414,-41.400029875467794,-42.73712772294422,-41.400029875467794,-40.013705732619414,-38.750499024010864,-43.184785965480245,-43.43153076507872,-43.72832922906781,-43.047093283661,-42.306651375368716,-41.65082655655782,-41.07314350864674,-40.56737747583762,-40.127603638768775,-40.236236481213865,-40.54257864747646,-40.87180665109008,-41.22368075468063,-41.59754880833992,-41.99248563630019,-42.407394842009936,-42.84108283520567,-43.292312251792566,-43.75984005576261,-44.24244425035792,-44.73894212914388,-45.2482022620448,-45.769151864455054,-46.300780788510096
y=-1.467,-46.39559851630466,-45.82356725123208,-45.26163565264147,-44.710847191243175,-44.17232231360447,-43.64725767433937,-43.13692262223857,-42.64265181369481,-42.16583243494152,-41.70788398691634,-41.27022787260876,-40.8542430550862,-40.461202722070524,-40.092185049051665,-39.74794857190844,-39.42875901731253,-39.39425888811779,-39.864370388898266,-40.407821270258,-41.031467682210774,-41.74251375959288,-42.50596104605192,-42.18696892864935,-41.921511738173706,-37.37411301582037,-38.63601611834244,-40.02994884343852,-41.43928930141038,-40.02994884343852,-38.63601611834244,-37.37411301582037,-41.921511738173706,-42.18696892864935,-42.50596104605192,-41.74251375959288,-41.031467682210774,-40.407821270258,-39.864370388898266,-39.39425888811779,-39.42875901731253,-39.74794857190844,-40.092185049051665,-40.461202722070524,-40.8542430550862,-41.27022787260876,-41.70788398691634,-42.16583243494152,-42.64265181369481,-43.13692262223856,-43.64725767433937,-44.17232231360447,-44.710847191243175,-45.26163565264147,-45.82356725123208,-46.39559851630466
y=-1.400,-46.56379161477801,-45.948518331319576,-45.34264440887712,-44.74723255078766,-44.16343549045088,-43.592498443807315,-43.035759494278224,-42.49464691425936,-41.97067205749032,-41.46541595380853,-40.9805070518473,-40.51758661518457,-40.07825698142278,-39.66400609301654,-39.27609918241852,-38.915424906894415,-38.58227805900785,-38.63007546496246,-39.13465212700346,-39.7211957056067,-40.39769594595346,-41.17254651585739,-40.90867428779167,-40.62278476999366,-40.39715389961843,-37.192826882089776,-38.5906121659948,-40.102730577405865,-38.5906121659948,-37.192826882089776,-40.39715389961843,-40.62278476999366,-40.90867428779167,-41.17254651585739,-40.39769594595346,-39.7211957056067,-39.13465212700346,-38.63007546496246,-38.58227805900785,-38.915424906894415,-39.27609918241852,-39.66400609301654,-40.07825698142278,-40.51758661518457,-40.9805070518473,-41.46541595380853,-41.97067205749032,-42.49464691425936,-43.03575949427824,-43.592498443807315,-44.16343549045088,-44.74723255078766,-45.34264440887712,-45.948518331319576,-46.56379161477801
y=-1.333,-46.81773344214824,-46.1561436495639,-45.503131884452614,-44.85976476025405,-44.227210358143466,-43.6067438314617,-42.99975165946137,-42.40773370419451,-41.83230188260222,-41.27517379519766,-40.738159003367656,-40.22313474870538,-39.732006658724316,-39.26664823658575,-38.82881047032558,-38.419989390894074,-38.04123435098336,-37.69287238526333,-37.83255682408587,-38.37657808430741,-39.01278526036083,-39.75056071064155,-39.59742644139391,-39.289238065565485,-39.045780449644866,-35.679944031043945,-37.07684636772203,-38.63479150623817,-37.07684636772203,-35.679944031043945,-39.045780449644866,-39.289238065565485,-39.59742644139391,-39.75056071064155,-39.01278526036083,-38.37657808430741,-37.83255682408587,-37.69287238526333,-38.04123435098336,-38.419989390894074,-38.82881047032558,-39.26664823658575,-39.732006658724316,-40.22313474870538,-40.738159003367656,-41.27517379519766,-41.83230188260222,-42.40773370419451,-42.99975165946137,-43.6067438314617,-44.227210358143466,-44.85976476025405,-45.503131884452614,-46.1561436495639,-46.81773344214824
y=-1.267,-47.17222540747824,-46.46095735811684,-45.757326387227664,-45.062386622286354,-44.37730313855786,-43.703360570758505,-43.04197111656643,-42.394681254097094,-41.763176188575216,-41.149280613643384,-40.55495377085205,-39.982275946881515,-39.433422361373104,-38.910618722642354,-38.4160703482228,-37.951853338064,-37.51975135326535,-37.121014311417696,-36.756004499070144,-36.99894109088288,-37.58847901183361,-38.28242344597807,-38.25457681461451,-37.92207572267378,-37.659147287035466,-37.468966777114076,-35.4831728975814,-37.04739457306444,-35.4831728975814,-37.468966777114076,-37.659147287035466,-37.92207572267378,-38.25457681461451,-38.28242344597807,-37.58847901183363,-36.99894109088288,-36.756004499070144,-37.121014311417696,-37.51975135326535,-37.951853338064,-38.4160703482228,-38.910618722642354,-39.433422361373104,-39.982275946881515,-40.55495377085205,-41.149280613643384,-41.763176188575216,-42.394681254097094,-43.041971116566415,-43.703360570758505,-44.37730313855786,-45.062386622286354,-45.757326387227664,-46.46095735811684,-47.17222540747824
y=-1.200,-47.645156079397125,-46.88048981350879,-46.12240351687585,-45.37192158537165,-44.63018654753424,-43.89847045266558,-43.17818640174711,-42.47089972823767,-41.77833807129362,-41.10239920497938,-40.4451549455609,-39.80884868612068,-39.19588300394176,-38.608792206193385,-38.0501924090169,-37.522698462861456,-37.02879225231209,-36.57061984589937,-36.149684423145345,-35.76638583481373,-36.12618100907278,-36.76872910684389,-36.88218422432247,-36.52321401596309,-36.23904786402615,-36.033334939593146,-33.80387085621706,-35.36806232619168,-33.80387085621706,-36.033334939593146,-36.23904786402615,-36.52321401596309,-36.88218422432247,-36.76872910684389,-36.12618100907278,-35.76638583481373,-36.149684423145345,-36.57061984589937,-37.02879225231209,-37.522698462861456,-38.0501924090169,-38.608792206193385,-39.19588300394176,-39.80884868612068,-40.4451549455609,-41.10239920497938,-41.77833807129362,-42.47089972823767,-43.178186401747126,-43.89847045266558,-44.63018654753424,-45.37192158537165,-46.12240351687585,-46.88048981350879,-47.645156079397125
y=-1.133,-208.2583990177185,-207.43615974146212,-46.61933289627177,-45.80889534492863,-45.005946654675455,-44.21172293789128,-43.42761157314749,-42.65516651164049,-41.896123659423424,-41.15241550827129,-40.426183721409856,-39.71978769796213,-39.0358061444,-38.377027229340015,-37.74642077724464,-37.147082847926285,-36.58213846565778,-36.05458144778619,-35.56702003401276,-35.121281362121465,-34.71780343566061,-35.210933310510555,-35.48317225630832,-35.0954465648023,-34.78816160354634,-34.565514245606664,-34.43063485062672,-33.58912077855078,-34.43063485062672,-34.565514245606664,-34.78816160354634,-35.0954465648023,-35.48317225630832,-35.210933310510555,-34.71780343566061,-35.121281362121465,-35.56702003401276,-36.05458144778619,-36.58213846565778,-37.147082847926285,-37.74642077724464,-38.377027229340015,-39.0358061444,-39.71978769796213,-40.426183721409856,-41.15241550827129,-41.896123659423424,-42.65516651164049,-43.42761157314749,-44.21172293789128,-45.005946654675455,-45.80889534492863,-46.61933289627177,-207.43615974146212,-208.2583990177185
y=-1.067,-209.03905754544985,-208.1544830258042,-207.27405117742552,-206.3986733377527,-45.52938522814456,-44.667362827221325,-43.813939822740096,-42.97062655225186,-42.139130185167474,-41.32137565299706,-40.51952645770018,-39.73600391724577,-38.97350254921355,-38.23499800854486,-37.523742075956676,-36.84323632383345,-36.19717178404676,-35.58931545678519,-35.023314640990236,-34.50237489971849,-34.02874375131958,-33.61160192059856,-34.06150845340933,-33.64263414723253,-33.310252256168056,-33.06919091761631,-32.92306165998767,-31.702489329337624,-32.92306165998767,-33.06919091761631,-33.310252256168056,-33.64263414723251,-34.06150845340933,-33.61160192059856,-34.02874375131958,-34.50237489971849,-35.023314640990236,-35.58931545678519,-36.19717178404676,-36.84323632383345,-37.523742075956676,-38.23499800854486,-38.97350254921355,-39.73600391724577,-40.51952645770018,-41.32137565299706,-42.139130185167474,-42.97062655225186,-43.81393982274011,-44.667362827221325,-45.52938522814456,-206.3986733377527,-207.27405117742552,-208.1544830258042,-209.03905754544985
y=-1.000,-210.02122430971394,-209.0687811036138,-208.1191194216692,-207.1730673271952,-206.23157583509635,-205.29573630430025,-44.36680003825563,-43.44620020864434,-42.53557612232311,-41.63679968632218,-40.75200365256663,-39.88361078558839,-39.03436240621872,-38.20734369069086,-37.40600144755324,-36.63414754741132,-35.89593726820783,-35.195805798989426,-34.53833683773723,-33.928022709280526,-33.3688525281849,-32.86362814641211,-32.53442163603262,-32.16991767517413,-31.810392310653228,-31.54938004456764,-31.39104721231587,-31.33797769069018,-31.39104721231587,-31.54938004456764,-31.810392310653228,-32.16991767517413,-32.53442163603262,-32.86362814641211,-33.368852528184874,-33.928022709280526,-34.53833683773723,-35.195805798989426,-35.89593726820783,-36.63414754741132,-37.40600144755324,-38.20734369069086,-39.03436240621872,-39.88361078558839,-40.75200365256663,-41.63679968632218,-42.53557612232311,-43.44620020864434,-44.36680003825565,-205.29573630430025,-206.23157583509635,-207.1730673271952,-208.1191194216692,-209.0687811036138,-210.02122430971394
y=-0.933,-211.2485227059185,-210.2216483391781,-209.19611650800402,-208.1726549926537,-207.15210984351307,-206.13546369434488,-205.12385681370654,-204.11861120472923,-43.12125803392367,-42.1335685913248,-41.157588825745506,-40.19567721113333,-39.25054520666893,-38.32529875536329,-37.423477937991024,-36.54908977087753,-35.70662575035564,-34.81912030946499,-33.9599790395317,-33.156328518993035,-32.41760676995173,-31.75327452863739,-31.172523527419273,-30.68394963033225,-30.29520922837682,-30.01268285997378,-29.314950048997673,-29.783665913027832,-29.314950048997673,-30.01268285997378,-30.29520922837682,-30.68394963033225,-31.172523527419273,-31.75327452863739,-32.41760676995173,-33.156328518993035,-33.9599790395317,-34.81912030946499,-35.70662575035564,-36.54908977087753,-37.423477937991024,-38.32529875536329,-39.25054520666893,-40.19567721113333,-41.157588825745506,-42.1335685913248,-43.12125803392367,-204.11861120472923,-205.12385681370654,-206.13546369434488,-207.15210984351307,-208.1726549926537,-209.19611650800402,-210.2216483391781,-211.2485227059185
y=-0.867,-211.0091499022359,-210.07408221681516,-209.11917311209174,-208.144887363473,-207.15192632137484,-206.14127232332538,-205.11423885276997,-204.0725264846787,-203.01828433248863,-201.95417624334863,-41.78008726057317,-40.71480393069058,-39.663456694317375,-38.62907446679324,-36.62363950138153,-35.59368158877342,-34.59237319084393,-33.628509161939576,-32.711619857359764,-31.851825509541953,-31.05962675378055,-30.345629754843998,-29.720210957169456,-29.193134556243052,-28.77314439047653,-28.467559602783354,-28.281908371091106,-28.21963466034987,-28.281908371091106,-28.467559602783354,-28.77314439047653,-29.193134556243052,-29.720210957169442,-30.345629754843998,-31.05962675378055,-31.851825509541953,-32.71161985735969,-33.628509161939576,-34.59237319084393,-35.59368158877342,-36.62363950138153,-38.62907446679324,-39.663456694317375,-40.71480393069058,-41.78008726057317,-201.95417624334863,-203.01828433248863,-204.0725264846787,-205.11423885276997,-206.14127232332538,-207.15192632137484,-208.144887363473,-209.11917311209174,-210.07408221681516,-211.0091499022359
y=-0.800,-210.59080207893754,-209.6299487452714,-208.6473339299066,-207.64329063115554,-206.61838803868102,-205.57347921559438,-204.50975561496932,-203.42880869627078,-202.33269859178432,-201.22402929621205,-200.10602917057565,-198.98263462128568,-40.327494936608176,-39.17145097837198,-38.03226669299643,-34.54310212524433,-33.48192543799894,-32.45774099960282,-31.480929705126258,-30.562613959025953,-29.71443206325904,-28.94823218799931,-28.275689826068657,-27.70786276603441,-27.2547088346506,-26.552337139710318,-26.72388991448564,-26.656536467805722,-26.72388991448564,-26.552337139710318,-27.2547088346506,-27.70786276603441,-28.275689826068657,-28.94823218799931,-29.71443206325904,-30.562613959025953,-31.480929705126258,-32.45774099960282,-33.48192543799894,-34.54310212524433,-38.03226669299643,-39.17145097837198,-40.327494936608176,-198.98263462128568,-200.10602917057565,-201.22402929621205,-202.33269859178432,-203.42880869627078,-204.50975561496932,-205.57347921559438,-206.61838803868102,-207.64329063115554,-208.6473339299066,-209.6299487452714,-210.59080207893754
y=-0.733,-210.1971871357864,-209.2115174085443,-208.20217215270048,-207.16934309523344,-206.1134555245901,-205.03521895025557,-203.93568570934735,-202.81631804530662,-201.6790638921035,-200.52644112702626,-199.36162934945594,-198.18856724117575,-197.0120522092675,-195.8378372688012,-38.743461190227364,-37.47985147873786,-32.40253453820823,-31.31670871294071,-30.278373190315236,-29.299693136958524,-28.39350857375132,-27.572997111653436,-26.851241032994594,-26.24071324173022,-25.752711021699596,-25.396780416655787,-25.180184165432777,-25.10746925994593,-25.180184165432777,-25.396780416655787,-25.752711021699596,-26.24071324173022,-26.851241032994594,-27.572997111653436,-28.39350857375132,-29.299693136958524,-30.278373190315236,-31.31670871294071,-32.40253453820823,-37.47985147873786,-38.743461190227364,-195.8378372688012,-197.0120522092675,-198.1885672411757,-199.36162934945594,-200.52644112702626,-201.6790638921035,-202.81631804530662,-203.93568570934735,-205.03521895025557,-206.1134555245901,-207.16934309523344,-208.20217215270048,-209.2115174085443,-210.1971871357864
y=-0.667,-209.83051227304588,-208.8212314214016,-207.7863938041661,-206.7260431056897,-205.64045179657433,-204.53017441071336,-203.39610987776223,-202.23957372360076,-201.06238069743716,-199.8669379379018,-198.6563480815496,-197.4345206652922,-196.20628869698368,-194.9775252972588,-193.75525282380437,-192.54773393252174,-37.00210142724073,-30.216515652524464,-29.11581334076473,-28.07565622701634,-27.110133628166594,-26.233824302938473,-25.461311111834974,-24.806592213898227,-23.277764924644472,-23.89962832662438,-23.66648362066725,-23.588178644859767,-23.66648362066725,-23.89962832662438,-23.277764924644472,-24.806592213898227,-25.461311111834974,-26.233824302938473,-27.11013362816658,-28.07565622701634,-29.11581334076473,-30.216515652524464,-37.00210142724073,-192.54773393252174,-193.75525282380437,-194.9775252972588,-196.20628869698362,-197.4345206652922,-198.6563480815496,-199.8669379379018,-201.06238069743716,-202.23957372360076,-203.39610987776223,-204.53017441071336,-205.64045179657433,-206.7260431056897,-207.7863938041661,-208.8212314214016,-209.83051227304588
y=-0.600,-209.49294094429814,-208.4614951931298,-207.40267336379588,-206.3163676653196,-205.2026924047184,-204.06203947322797,-202.89514396182022,-201.70316102518325,-200.48775491037873,-199.25120066172138,-197.99649832328566,-196.72749838409038,-195.44903563732538,-194.16706644836046,-192.88880157644815,-191.6228231856549,-190.37917067892602,-189.16937590265724,-28.006424830841354,-27.067956573310028,-26.039308957871526,-25.103590265704852,-24.27697731789445,-22.97110128810621,-23.012295899886,-22.60078067258914,-22.3499299017231,-22.265641692340907,-22.3499299017231,-22.60078067258914,-23.012295899886,-22.971101288106254,-24.27697731789445,-25.103590265704852,-26.039308957871526,-27.067956573310028,-28.00642483084134,-189.16937590265724,-190.37917067892602,-191.6228231856549,-192.88880157644815,-194.16706644836046,-195.44903563732538,-196.72749838409038,-197.99649832328566,-199.25120066172138,-200.48775491037873,-201.70316102518325,-202.89514396182022,-204.06203947322797,-205.2026924047184,-206.3163676653196,-207.40267336379588,-208.4614951931298,-209.49294094429814
y=-0.533,-209.18655994046014,-208.13463660173863,-207.05361054468597,-205.94322294875064,-204.8034288561256,-203.63445443536148,-202.4368653842726,-201.21164790619486,-199.96030355279896,-198.68495887962865,-197.38849021081876,-196.07466273594383,-194.7482815234642,-193.41534968500753,-192.08322574137577,-190.76076818320848,-189.4584504089148,-188.18842405779372,-26.964504034791744,-27.061574231215914,-27.74396565496528,-26.696392931621006,-23.148103368776972,-19.266008135393406,-24.35198894024836,-22.54880300049156,-21.407760033049925,-22.35064443794367,-21.407760033049925,-22.54880300049156,-24.35198894024836,-19.266008135393434,-23.148103368776958,-26.696392931621006,-27.743965654965265,-27.061574231215914,-26.96450403479173,-188.18842405779372,-189.4584504089148,-190.76076818320848,-192.08322574137577,-193.41534968500753,-194.7482815234642,-196.07466273594383,-197.38849021081876,-198.68495887962865,-199.96030355279896,-201.21164790619486,-202.4368653842726,-203.63445443536148,-204.8034288561256,-205.94322294875064,-207.05361054468597,-208.13463660173863,-209.18655994046014
y=-0.467,-208.91334490631402,-207.84286710837148,-206.74168414003702,-205.60939088996986,-204.4457868172742,-203.2509345652419,-202.02523063449286,-200.76948986057823,-199.48504537020847,-198.17386541353756,-196.83868787946045,-195.4831722563083,-194.11206713045465,-192.73138883038024,-191.34860334578417,-189.97279907320592,-188.61483232161265,-187.28742121941656,-26.00515753623027,-26.01850456509223,-28.03017458908306,-24.249535371915684,-18.966622657910392,-23.337441397440557,-20.65263350268853,-18.956275348488603,-20.03026139509892,-21.359440973044826,-20.03026139509892,-18.956275348488603,-20.65263350268853,-23.33744139744053,-18.966622657910364,-24.249535371915684,-28.030174589083074,-26.01850456509223,-26.005157536230257,-187.28742121941656,-188.61483232161265,-189.97279907320592,-191.34860334578417,-192.73138883038024,-194.11206713045465,-195.4831722563083,-196.83868787946045,-198.17386541353756,-199.48504537020847,-200.76948986057823,-202.02523063449286,-203.25093456524183,-204.4457868172742,-205.60939088996986,-206.74168414003702,-207.84286710837148,-208.91334490631402
y=-0.400,-208.67512524820222,-207.58824084159767,-206.46920426565072,-205.3174733915672,-204.13270090207635,-202.91479386069625,-201.66398614968534,-200.38092581629223,-199.06677936952718,-197.7233548709654,-196.35324514556584,-194.95999144446273,-193.5482662216566,-192.12407110813513,-190.69494244369764,-189.2701516791763,-187.86088157497386,-186.48035170871344,-25.143859216318134,-25.080553333170442,-26.97826421261881,-20.20411654967714,-18.233635209630634,-14.538655254448514,-12.233153604709628,-13.254872921044665,-14.849755763665456,-16.73374318000151,-14.849755763665456,-13.254872921044665,-12.233153604709628,-14.538655254448543,-18.23363520963062,-20.20411654967714,-26.978264212618825,-25.080553333170442,-25.143859216318134,-186.48035170871344,-187.86088157497386,-189.2701516791763,-190.69494244369764,-192.12407110813513,-193.5482662216566,-194.95999144446267,-196.35324514556584,-197.7233548709654,-199.06677936952713,-200.38092581629223,-201.66398614968534,-202.91479386069625,-204.13270090207635,-205.3174733915672,-206.46920426565072,-207.58824084159767,-208.67512524820222
y=-0.333,-208.47354953969563,-207.3726139809204,-206.23826459404694,-205.06983606854976,-203.86684833415717,-202.6290667480975,-201.3565758347621,-200.0498688834195,-198.70995578436623,-197.33849136482786,-195.93792604799182,-194.51167972936707,-193.06433811945203,-191.60186816849637,-190.131845274621,-188.66367952762107,-187.20882116043072,-185.7809169128822,-24.395879996929224,-24.26480216258605,-26.062884238944704,-17.45896628940966,-14.589628063933475,-9.602254326641699,-10.162708788699945,-12.146651845934187,-14.52898609399736,-17.18301938145173,-14.52898609399736,-12.146651845934187,-10.162708788699945,-9.60225432664167,-14.58962806393346,-17.45896628940966,-26.06288423894472,-24.26480216258605,-24.395879996929224,-185.7809169128822,-187.20882116043072,-188.66367952762107,-190.131845274621,-191.60186816849637,-193.06433811945203,-194.51167972936707,-195.93792604799177,-197.33849136482786,-198.70995578436623,-200.0498688834195,-201.3565758347621,-202.6290667480975,-203.86684833415717,-205.06983606854976,-206.23826459404694,-207.3726139809204,-208.47354953969563
y=-0.267,-208.31005263259345,-207.1976059111371,-206.0506963756227,-204.868553718307,-203.65058415855594,-202.39643098460942,-201.10604919742735,-199.77979678900408,-198.41854532793457,-197.02381248056963,-195.5979187362018,-194.14416974526932,-192.66706407465324,-191.17252352741923,-189.66813912126207,-188.16342004844932,-186.67002527212816,-185.20194801894795,-23.775613114249836,-23.587446995120388,-24.53443292268703,-13.826356006810926,-10.758320650580472,-6.5340031890061425,-6.513566143299954,-9.218332886051599,-12.36867359358078,-15.697478118616104,-12.36867359358078,-9.218332886051599,-6.513566143299954,-6.534003189006128,-10.758320650580458,-13.826356006810926,-24.53443292268699,-23.587446995120388,-23.775613114249836,-185.20194801894795,-186.67002527212816,-188.16342004844932,-189.66813912126207,-191.17252352741923,-192.66706407465324,-194.14416974526932,-195.5979187362018,-197.02381248056963,-198.41854532793457,-199.77979678900408,-201.1060491974274,-202.39643098460942,-203.65058415855594,-204.868553718307,-206.0506963756227,-207.1976059111371,-208.31005263259345
y=-0.200,-208.18582571880336,-207.0645636836008,-205.90802614497807,-204.71535986635513,-203.4858809154603,-202.21913537789146,-200.91497458513038,-199.57364756802065,-198.1959136414677,-196.7831780447941,-195.3376532703876,-193.86254791827292,-192.3622833538509,-190.84273578651238,-189.3114972416373,-187.77814288730724,-186.25448405051714,-184.75477611471322,-23.295839100420437,-23.06294294797216,-21.045537084040248,-9.026139146344079,-6.311861115166522,-2.843343690205657,-3.3411864877359108,-5.378605184354086,-9.200383992256931,-13.0464407913325,-9.200383992256931,-5.378605184354086,-3.3411864877359108,-2.843343690205643,-6.311861115166522,-9.026139146344079,-21.045537084040177,-23.06294294797216,-23.295839100420423,-184.75477611471322,-186.25448405051714,-187.77814288730724,-189.3114972416373,-190.84273578651238,-192.3622833538509,-193.86254791827287,-195.3376532703876,-196.7831780447941,-198.1959136414677,-199.57364756802065,-200.91497458513038,-202.21913537789146,-203.4858809154603,-204.71535986635502,-205.90802614497807,-207.0645636836008,-208.18582571880336
y=-0.133,-208.10179055369156,-206.97453129128957,-205.81143899346034,-204.6116027421386,-203.37427572957876,-202.09893603650085,-200.78536220010733,-199.43372640678496,-198.04470837809117,-196.61963308329467,-195.16063517060172,-193.670852263877,-192.15464774893428,-190.61786102047563,-189.06807896107762,-187.51491625447227,-185.9702836940168,-184.4486129774356,-22.966994314754203,-22.703143084905562,-15.682957270231896,-3.142936336997579,-1.7769712189201812,0.4746639935744952,-0.7348004414967448,-2.419839047903011,-6.839655883779415,-11.11645694826612,-6.839655883779415,-2.419839047903011,-0.7348004414967448,0.47466399357448097,-1.7769712189201812,-3.142936336997579,-15.682957270231839,-22.703143084905562,-22.966994314754146,-184.4486129774356,-185.9702836940168,-187.51491625447227,-189.06807896107762,-190.61786102047563,-192.15464774893428,-193.67085226387695,-195.16063517060172,-196.61963308329462,-198.04470837809117,-199.43372640678496,-200.78536220010733,-202.09893603650085,-203.37427572957876,-204.61160274213853,-205.81143899346034,-206.97453129128957,-208.10179055369156
y=-0.067,-208.05857893836804,-206.9282251338073,-205.76174913938002,-204.5582098706127,-203.3168275829296,-202.03704466593206,-200.71860136783704,-199.36162934945594,-197.9667662216745,-196.5352943097866,-195.06930667444806,-193.5719027012567,-192.04741407012568,-190.5016592688778,-188.94222059056665,-187.37873130535644,-185.82315209345916,-184.2900048785101,-22.796519623722958,-22.51652449657169,-9.08852357813717,2.003189987294647,1.4460262082251774,2.5738207322266646,0.7997377311633613,-1.237122024288297,-5.545719106801073,-10.075505025638009,-5.545719106801073,-1.237122024288297,0.7997377311633613,2.5738207322266504,1.4460262082251774,2.003189987294647,-9.0885235781371,-22.51652449657169,-22.796519623722943,-184.2900048785101,-185.82315209345916,-187.37873130535644,-188.9422205905666,-190.5016592688778,-192.04741407012568,-193.5719027012566,-195.06930667444806,-196.53529430978654,-197.9667662216745,-199.36162934945594,-200.71860136783704,-202.03704466593206,-203.3168275829296,-204.5582098706127,-205.76174913938002,-206.9282251338073,-208.05857893836804
y=0.000,-208.05651836923187,-206.92601681760482,-205.7593792455715,-204.55566312149398,-203.3140871198072,-202.03409191577032,-200.71541591704283,-199.3581888345584,-197.9630462507589,-196.53126843383262,-195.0649464343611,-193.56717778436314,-192.04229261897757,-190.49610839463384,-188.93620715148643,-187.37222301545398,-185.81611902308373,-184.28242139201518,-22.78836676283214,-22.507597893399478,-8.589039508317995,2.316227956270737,1.6218820369349487,2.6824471765126106,0.8768074320142318,-1.1792246721027198,-5.482537709830424,-10.024987190895459,-5.482537709830424,-1.1792246721027198,0.8768074320142318,2.6824471765125963,1.6218820369349487,2.316227956270737,-8.589039508317938,-22.507597893399478,-22.78836676283214,-184.28242139201518,-185.81611902308373,-187.37222301545398,-188.93620715148643,-190.49610839463384,-192.04229261897757,-193.56717778436314,-195.0649464343611,-196.53126843383262,-197.9630462507589,-199.3581888345584,-200.71541591704283,-202.03409191577032,-203.3140871198072,-204.55566312149398,-205.7593792455715,-206.92601681760482,-208.05651836923187
y=0.067,-208.09562450774513,-206.96792411796332,-205.80434953492193,-204.60398555714067,-203.36608070231762,-202.0901079885001,-200.7758405252032,-199.42344475846664,-198.0335944505635,-196.60760854322416,-195.14761581597452,-193.6567485097064,-192.1393655658843,-190.601303479566,-189.05014856100797,-187.49551822005702,-185.949330422954,-184.42602976206288,-22.94272635657778,-22.676581013801382,-15.029139269175204,-2.538720573430652,-1.3645375414086516,0.7549630235897951,-0.5248670304042093,-2.2468499848907584,-6.658544955331394,-10.970029109412366,-6.658544955331394,-2.2468499848907584,-0.5248670304042093,0.7549630235897666,-1.3645375414086374,-2.538720573430652,-15.029139269175147,-22.676581013801382,-22.94272635657778,-184.42602976206288,-185.949330422954,-187.49551822005702,-189.05014856100797,-190.601303479566,-192.1393655658843,-193.6567485097064,-195.14761581597452,-196.60760854322416,-198.0335944505635,-199.42344475846664,-200.7758405252032,-202.0901079885001,-203.36608070231762,-204.60398555714067,-205.80434953492193,-206.96792411796332,-208.09562450774513
y=0.133,-208.17560081875956,-207.05361054468597,-205.89627726705362,-204.70274079984313,-203.47230964286018,-202.20452170544309,-200.8992195783037,-199.55664307944892,-198.17754199953026,-196.76331199609524,-195.31615630038027,-193.83927511105236,-192.33708299316595,-190.81545194147748,-189.28197361507614,-187.74622821967557,-186.22003934924078,-184.71768389244892,-23.256014627241953,-23.01938264166455,-20.60531176952557,-8.476912453974052,-5.847002109075291,-2.4828892946555925,-3.0470164289678223,-5.035912543381812,-8.923312690205904,-12.817890050331101,-8.923312690205904,-5.035912543381812,-3.0470164289678223,-2.4828892946555925,-5.847002109075277,-8.476912453974052,-20.605311769525514,-23.01938264166455,-23.25601462724194,-184.71768389244892,-186.22003934924078,-187.74622821967557,-189.28197361507614,-190.81545194147748,-192.33708299316595,-193.83927511105236,-195.31615630038027,-196.76331199609524,-198.17754199953026,-199.55664307944892,-200.8992195783037,-202.20452170544309,-203.47230964286018,-204.70274079984313,-205.89627726705362,-207.05361054468597,-208.17560081875956
y=0.200,-208.2958453942204,-207.1823935328655,-206.034386603415,-204.85104495343887,-203.63176465847323,-202.37617808786058,-201.08422862010173,-199.75626206026436,-198.3931374584027,-196.99635999043204,-195.56823821039552,-194.11206713045465,-192.63233698448016,-191.13496487336772,-189.62754242594707,-188.1195868101771,-186.6227747094161,-185.15112939997755,-23.721120633399167,-23.52789956479026,-24.248555267739164,-13.402757669505007,-10.337829961526268,-6.165918479713497,-6.183797129522503,-8.806802111667452,-12.023575571383844,-15.405412856824341,-12.023575571383844,-8.806802111667452,-6.183797129522503,-6.165918479713497,-10.33782996152624,-13.402757669505007,-24.248555267739107,-23.52789956479026,-23.721120633399167,-185.15112939997755,-186.6227747094161,-188.1195868101771,-189.627542425947,-191.13496487336772,-192.63233698448016,-194.11206713045465,-195.56823821039552,-196.99635999043204,-198.3931374584027,-199.75626206026436,-201.08422862010173,-202.37617808786058,-203.63176465847323,-204.85104495343887,-206.034386603415,-207.1823935328655,-208.2958453942204
y=0.267,-208.4554646462757,-207.35326085776285,-206.21752834973432,-205.04759042508846,-203.84295470612994,-202.60337336780674,-201.32891698445115,-200.02006432026798,-198.67781047549727,-197.30379568890982,-195.90045666737626,-194.47120139097967,-193.0206067004442,-191.55463533684843,-190.08086517291474,-188.60871789031114,-187.149667213082,-185.71739824057897,-24.327880270593127,-24.190583785674065,-25.979574757422114,-17.140474020817265,-14.237628195745103,-9.734861559369506,-10.90993296211974,-13.092619161075163,-15.680644796663813,-18.54035715782257,-15.680644796663813,-13.092619161075163,-10.90993296211974,-9.734861559369506,-14.237628195745089,-17.140474020817265,-25.979574757422128,-24.190583785674065,-24.327880270593113,-185.71739824057897,-187.149667213082,-188.60871789031114,-190.08086517291474,-191.55463533684843,-193.0206067004442,-194.47120139097967,-195.90045666737626,-197.30379568890982,-198.67781047549727,-200.02006432026792,-201.32891698445115,-202.60337336780674,-203.84295470612994,-205.04759042508846,-206.21752834973432,-207.35326085776285,-208.4554646462757
y=0.333,-208.65329324539942,-207.56489448319462,-206.44420857056537,-205.29068036368233,-204.10394855356003,-202.88390531119109,-201.6307688755769,-200.34517115234274,-199.02826240059824,-197.68183489498705,-196.3084669401337,-194.91168762665416,-193.4961610493565,-192.0678861227317,-190.63440438399886,-189.20500308295186,-187.79089439778033,-186.40534409346662,-25.063715205140326,-24.99320230885489,-26.880269412676313,-19.961664043235203,-17.70645349518341,-14.041465581371881,-14.748229126275803,-16.325773736279174,-18.28419540827052,-20.550443205013494,-18.28419540827052,-16.325773736279174,-14.748229126275803,-14.041465581371853,-17.706453495183382,-19.961664043235203,-26.880269412676313,-24.99320230885489,-25.063715205140326,-186.40534409346662,-187.79089439778033,-189.20500308295186,-190.63440438399886,-192.0678861227317,-193.4961610493565,-194.91168762665416,-196.3084669401337,-197.68183489498705,-199.02826240059824,-200.34517115234274,-201.6307688755769,-202.88390531119109,-204.10394855356003,-205.29068036368233,-206.44420857056537,-207.56489448319462,-208.65329324539942
y=0.400,-208.88791941798968,-207.81570072634838,-206.71262466125233,-205.57827191649238,-204.4124267909736,-203.21513591499814,-201.98677912215595,-200.72815424228736,-199.44057752735307,-198.12600115285807,-196.78714865378788,-195.42766811362372,-194.05230125378046,-192.66706407465324,-191.27943119461884,-189.8985114056557,-188.53519626698363,-187.20225715276223,-25.914359896787175,-25.91969402316917,-27.919385473038318,-23.821762940314628,-22.632882011332896,-18.774066105887357,-16.539313474183842,-17.6190096711602,-18.968209851012787,-20.59470580437042,-18.968209851012787,-17.6190096711602,-16.539313474183842,-18.774066105887343,-22.63288201133288,-23.821762940314628,-27.919385473038332,-25.91969402316917,-25.914359896787175,-187.20225715276223,-188.53519626698363,-189.8985114056557,-191.27943119461884,-192.66706407465324,-194.05230125378046,-195.42766811362372,-196.78714865378788,-198.12600115285807,-199.44057752735307,-200.72815424228736,-201.98677912215595,-203.21513591499814,-204.4124267909736,-205.57827191649238,-206.71262466125233,-207.81570072634838,-208.88791941798968
y=0.467,-209.15771452156787,-208.10384538160127,-207.02070716822095,-205.90802614497807,-204.7657415474506,-203.59406300077177,-202.39353917289708,-201.16513912915246,-199.9103477194542,-198.6312759890912,-197.3307869593856,-196.0126360528161,-194.68162379406112,-193.34375605289296,-192.00640388007838,-190.67845087579633,-189.37041113833072,-188.09449556474107,-26.86459941764707,-26.95302923916708,-29.07772131457449,-27.792442028556295,-22.756487126132058,-27.109336295892533,-24.233890090100317,-23.255299927547355,-24.222900966721,-25.40042109346929,-24.222900966721,-23.255299927547355,-24.233890090100317,-27.10933629589252,-22.756487126132058,-27.792442028556295,-29.07772131457449,-26.95302923916708,-26.864599417647057,-188.09449556474107,-189.37041113833067,-190.67845087579633,-192.00640388007838,-193.34375605289296,-194.68162379406112,-196.0126360528161,-197.3307869593856,-198.6312759890912,-199.9103477194542,-201.16513912915246,-202.39353917289708,-203.59406300077177,-204.7657415474506,-205.90802614497807,-207.02070716822095,-208.10384538160127,-209.15771452156787
y=0.533,-209.46086569476506,-208.4272923048843,-207.3661654854364,-206.2773622543458,-205.16098096645254,-204.01739699705735,-202.84732865909552,-201.65191450441938,-200.43280296246655,-199.19225487000597,-197.9332587586132,-196.65965768921978,-195.37628484143613,-194.08910286978391,-192.80533915443021,-191.53360550919797,-190.2839868281244,-189.06807896107762,-27.89895254941713,-28.075993816948966,-30.33597426371108,-29.94285353692831,-26.43996240441865,-28.256081812800545,-27.63645259154619,-25.63897308230996,-25.531514632170214,-26.408779719298806,-25.531514632170214,-25.63897308230996,-27.63645259154619,-28.256081812800545,-26.439962404418637,-29.94285353692831,-30.335974263711094,-28.075993816948966,-27.898952549417118,-189.06807896107762,-190.2839868281244,-191.53360550919797,-192.80533915443021,-194.08910286978391,-195.37628484143613,-196.65965768921978,-197.9332587586132,-199.19225487000597,-200.43280296246655,-201.65191450441938,-202.84732865909552,-204.01739699705735,-205.16098096645254,-206.2773622543458,-207.3661654854364,-208.4272923048843,-209.46086569476506
y=0.600,-209.7954103366132,-208.78384392104795,-207.74653552491827,-206.683513779417,-205.59503551424615,-204.48163927454607,-203.34420800269413,-202.18404172750206,-201.00294085394967,-199.80330020367887,-198.5882132484171,-197.3615849229538,-196.12824991606402,-194.89409134493303,-193.66615219029234,-192.4527288579921,-191.2634329305293,-190.10920397678944,-189.00225385938307,-189.2718449462178,-189.38523457376982,-188.46075254940956,-187.64650043825753,-185.96115561671027,-186.40516297026977,-186.00240302219038,-185.75716927466908,-185.67481609199214,-185.75716927466908,-186.00240302219038,-186.40516297026977,-185.96115561671024,-187.64650043825753,-188.46075254940956,-189.38523457376982,-189.2718449462178,-189.00225385938307,-190.10920397678944,-191.2634329305293,-192.4527288579921,-193.66615219029234,-194.89409134493303,-196.12824991606402,-197.3615849229538,-198.5882132484171,-199.80330020367887,-201.00294085394967,-202.18404172750206,-203.34420800269413,-204.48163927454607,-205.59503551424615,-206.683513779417,-207.74653552491827,-208.78384392104795,-209.7954103366132
y=0.667,-210.15927120094432,-209.17118217233792,-208.15922755081857,-207.12358451337627,-206.06466341471048,-204.9831587257147,-203.88010803051395,-202.7569596347456,-201.61564904926934,-200.45868414474444,-199.28923806556548,-198.11124798373385,-196.92951640548233,-195.74980997623572,-194.57894856699374,-193.42487495009652,-192.2966927888167,-191.20465834376904,-190.16010980709052,-189.19239439507095,-188.28000378076337,-187.45368567647034,-186.72667045953432,-186.11158065858046,-185.61985572323587,-185.2611664879217,-185.0428733761418,-184.96958570790045,-185.0428733761418,-185.2611664879217,-185.61985572323587,-186.11158065858046,-186.72667045953432,-187.45368567647034,-188.28000378076337,-189.19239439507095,-190.16010980709052,-191.20465834376904,-192.2966927888167,-193.42487495009652,-194.57894856699374,-195.74980997623572,-196.92951640548233,-198.11124798373385,-199.28923806556548,-200.45868414474444,-201.61564904926934,-202.7569596347456,-203.88010803051395,-204.9831587257147,-206.06466341471048,-207.12358451337627,-208.15922755081857,-209.17118217233792,-210.15927120094432
y=0.733,-210.55029098662686,-209.58690856147507,-208.60157255787533,-207.59460223434633,-206.56655287817216,-205.51826379964496,-204.45091327132485,-203.36608070231762,-202.26581602390627,-201.15271578585975,-200.0300047775163,-198.90162104948183,-197.77230098429868,-196.64765953421534,-195.53425894107943,-194.43965727766397,-193.37242620318705,-192.3421257394005,-191.3592231195869,-190.43494343129743,-189.58104249300447,-188.80949768856487,-188.1321205085598,-187.560104905745,-187.10353708041407,-186.7709030065315,-186.56863742736329,-186.50075981818702,-186.56863742736329,-186.7709030065315,-187.10353708041407,-187.560104905745,-188.1321205085598,-188.80949768856487,-189.58104249300447,-190.43494343129743,-191.3592231195869,-192.3421257394005,-193.37242620318705,-194.43965727766397,-195.53425894107943,-196.64765953421534,-197.77230098429868,-198.90162104948183,-200.0300047775163,-201.15271578585975,-202.26581602390627,-203.36608070231762,-204.45091327132485,-205.51826379964496,-206.56655287817216,-207.59460223434633,-208.60157255787533,-209.58690856147507,-210.55029098662686
y=0.800,-210.9662654484962,-210.02858213775107,-209.0708658378964,-208.09356863815583,-207.09737926580937,-206.08326783624716,-205.05253645660707,-204.00687574397455,-202.94842699399254,-201.87984926657617,-200.80439000946092,-199.7259569882707,-198.64918821608052,-197.57951528222554,-196.52321401596305,-195.48743489270294,-194.4802041873914,-193.51038588620293,-192.58759416448459,-191.7220472719946,-190.92435637482572,-190.20524759679097,-189.57522220069552,-189.0441681156354,-188.62094485474415,-188.3129717600068,-188.12585465211066,-188.06308669720408,-188.12585465211066,-188.3129717600068,-188.62094485474415,-189.0441681156354,-189.57522220069552,-190.20524759679097,-190.92435637482572,-191.7220472719946,-192.58759416448459,-193.51038588620293,-194.4802041873914,-195.48743489270294,-196.52321401596305,-197.57951528222554,-198.64918821608052,-199.7259569882707,-200.80439000946092,-201.87984926657617,-202.94842699399254,-204.00687574397455,-205.05253645660707,-206.08326783624716,-207.09737926580937,-208.09356863815583,-209.0708658378964,-210.02858213775107,-210.9662654484962
y=0.867,-211.40497423071395,-210.49375450667225,-209.564406681974,-208.6175042831162,-207.6538558493969,-206.6745462178054,-205.68098261842437,-204.67494544982299,-203.65864327974123,-202.63477116873463,-201.6065708211397,-200.57789031237024,-199.5532402208612,-198.53784192675232,-197.53766268325535,-196.5594309262433,-195.61062433128137,-194.6994225920917,-193.8346170776406,-193.02547075273446,-192.28152431198907,-191.61234854510172,-191.0272484479275,-190.53493109966485,-190.14315602768545,-189.85839252438325,-189.6855118614568,-189.627542425947,-189.6855118614568,-189.85839252438325,-190.14315602768545,-190.53493109966485,-191.0272484479275,-191.61234854510172,-192.28152431198907,-193.02547075273446,-193.8346170776406,-194.6994225920917,-195.61062433128137,-196.5594309262433,-197.53766268325535,-198.53784192675232,-199.5532402208612,-200.5778903123702,-201.6065708211397,-202.63477116873463,-203.65864327974123,-204.67494544982299,-205.68098261842437,-206.6745462178054,-207.6538558493969,-208.6175042831162,-209.564406681974,-210.49375450667225,-211.40497423071395
y=0.933,-211.86420881735188,-210.98000119114204,-210.0795334826555,-209.1634877563895,-208.23277733953933,-207.2885845058321,-206.33240199686566,-205.36607809772806,-204.3918646708945,-203.41246713686053,-202.4310948582252,-201.451509729753,-200.4780700072904,-199.5157655514313,-198.57023977603956,-197.64779277542607,-196.7553595017746,-195.90045666737626,-195.0910924797094,-194.33563461152346,-193.6426341472325,-193.0206067004442,-192.47777634261104,-192.0217930422396,-191.65943933841788,-191.39634609799225,-191.2367395026007,-191.18324110487816,-191.2367395026007,-191.39634609799225,-191.65943933841788,-192.0217930422396,-192.47777634261092,-193.0206067004442,-193.6426341472325,-194.33563461152346,-195.0910924797094,-195.90045666737626,-196.75535950177454,-197.64779277542607,-198.57023977603956,-199.5157655514313,-200.4780700072904,-201.451509729753,-202.4310948582252,-203.41246713686053,-204.3918646708945,-205.36607809772806,-206.3324019968657,-207.28858450583203,-208.23277733953933,-209.1634877563895,-210.0795334826555,-210.98000119114204,-211.86420881735188
y=1.000,-212.3417971892435,-211.48494891576934,-210.613653804808,-209.7286886507245,-208.83105582543027,-207.92201731000284,-207.0031316771524,-206.07629362638852,-205.14377538051872,-204.20826887591255,-203.27292721334732,-202.34140328244382,-201.41788284440076,-200.50710868710382,-199.6143918106967,-198.745605047661,-197.90715418956125,-197.10592173234124,-196.34917892915632,-195.64446311033083,-194.99941930137157,-194.42160805065356,-193.918284927995,-193.4961610493565,-193.16115771323928,-192.9181711627259,-192.77086495669892,-192.7215069237642,-192.77086495669892,-192.9181711627259,-193.16115771323928,-193.4961610493565,-193.918284927995,-194.42160805065356,-194.99941930137157,-195.64446311033083,-196.34917892915632,-197.10592173234124,-197.90715418956125,-198.745605047661,-199.6143918106967,-200.50710868710382,-201.41788284440076,-202.34140328244382,-203.27292721334732,-204.20826887591255,-205.14377538051872,-206.07629362638852,-207.0031316771524,-207.92201731000284,-208.83105582543027,-209.7286886507245,-210.613653804808,-211.48494891576934,-212.3417971892435
y=1.067,-212.83562495922916,-212.00629861039323,-211.1642692679019,-210.3103942727277,-209.44574916945447,-208.57165811361142,-207.6897264401145,-206.80187491475618,-205.91037492275944,-205.01788351563835,-204.12747683887142,-203.24268000447466,-202.36749097198708,-201.50639549157802,-200.66436969641097,-199.84686658278935,-199.05978248284237,-198.30939982932188,-197.60230315356273,-196.9452664469551,-196.3451118079397,-195.80854166401906,-195.3419496621956,-194.95121829174775,-194.64151404917067,-194.41709300961122,-194.28113057225056,-194.2355885524467,-194.28113057225056,-194.41709300961122,-194.64151404917067,-194.95121829174775,-195.3419496621956,-195.80854166401906,-196.3451118079397,-196.9452664469551,-197.60230315356273,-198.30939982932188,-199.05978248284237,-199.84686658278935,-200.66436969641097,-201.50639549157802,-202.36749097198708,-203.24268000447466,-204.12747683887142,-205.01788351563835,-205.91037492275944,-206.80187491475618,-207.6897264401145,-208.57165811361142,-209.44574916945447,-210.3103942727277,-211.1642692679019,-212.00629861039323,-212.83562495922916
y=1.133,-212.52918895041068,-211.64864210662978,-210.7752471092556,-209.91007437981943,-209.05431765647063,-208.2093061313136,-207.37651685900573,-206.55758696787512,-205.75432494487762,-204.96871989205522,-204.20294711678451,-203.45936765213565,-202.74051820748645,-202.0490864778593,-201.38786447869313,-200.75966929946497,-200.1672158942223,-199.50553140950865,-198.84504575742721,-198.23260059726306,-197.6742755288102,-197.17600652360932,-196.74342424290455,-196.38168335657525,-196.09529174108388,-195.88794985892355,-195.7624111451732,-195.72037362046012,-195.7624111451732,-195.88794985892355,-196.09529174108388,-196.38168335657525,-196.74342424290455,-197.17600652360932,-197.6742755288102,-198.23260059726306,-198.84504575742721,-199.50553140950865,-200.1672158942223,-200.75966929946497,-201.38786447869313,-202.0490864778593,-202.74051820748645,-203.45936765213565,-204.20294711678451,-204.96871989205522,-205.75432494487762,-206.55758696787512,-207.37651685900585,-208.2093061313136,-209.05431765647063,-209.91007437981943,-210.7752471092556,-211.64864210662978,-212.52918895041068
y=1.200,-211.8350775297602,-211.0155402386248,-210.20423608101999,-209.40226660806837,-208.6108495544969,-207.83132818279182,-207.06518013875427,-206.31402516150854,-205.57963068766207,-204.86391396348404,-204.16893868146292,-203.49690331835575,-202.8501171701949,-202.23095840929903,-201.6418061132713,-201.08493481224963,-200.56235517179584,-200.07557719526022,-199.6252615331004,-199.21070803337432,-198.8291049532766,-198.47442084610628,-198.11862608314067,-197.78357739063733,-197.51860666954377,-197.3269335265985,-197.2109475898676,-196.88372131515837,-197.2109475898676,-197.3269335265985,-197.51860666954377,-197.78357739063733,-198.11862608314067,-198.47442084610628,-198.8291049532766,-199.21070803337432,-199.6252615331004,-200.07557719526022,-200.56235517179584,-201.08493481224963,-201.6418061132713,-202.23095840929903,-202.8501171701949,-203.49690331835575,-204.16893868146292,-204.86391396348404,-205.57963068766207,-206.31402516150854,-207.06518013875427,-207.83132818279182,-208.6108495544969,-209.40226660806837,-210.20423608101999,-211.0155402386248,-211.8350775297602
y=1.267,-211.28500393345803,-210.52199475156885,-209.76818173286176,-209.0246800144397,-208.2927114388429,-207.57361086558683,-206.8688312414535,-206.17994660105717,-205.5086518300431,-204.85675755542474,-204.2261778811938,-203.61890779182522,-203.0369858003785,-202.4824356743195,-201.9571786132566,-201.46290375029116,-201.00087979650397,-200.5716832457266,-200.17480750213792,-199.80810040341527,-199.46695110738733,-199.60581974891596,-199.46453561534668,-199.15400900261858,-198.90868035087112,-198.73135388423697,-198.62410606745914,-198.47998036090615,-198.62410606745914,-198.73135388423697,-198.90868035087112,-199.15400900261858,-199.46453561534668,-199.60581974891596,-199.46695110738733,-199.80810040341527,-200.17480750213792,-200.5716832457266,-201.00087979650397,-201.46290375029116,-201.9571786132566,-202.4824356743195,-203.0369858003785,-203.61890779182522,-204.2261778811938,-204.85675755542474,-205.5086518300431,-206.17994660105717,-206.86883124145356,-207.57361086558683,-208.2927114388429,-209.0246800144397,-209.76818173286176,-210.52199475156885,-211.28500393345803
y=1.333,-210.85718885680626,-210.1466946115687,-209.44623778328173,-208.75693040509623,-208.0799797340312,-207.41669137822316,-206.76847045529428,-206.13681980055242,-205.52333387579267,-204.92968652856428,-204.35761006774942,-203.80886218317403,-203.28517594284034,-202.78818630266005,-202.31932403959684,-201.87966443519798,-201.46971287296515,-201.08910194219783,-200.7361633078428,-200.4073202264766,-200.26100233910097,-201.0324273027112,-200.77901499291823,-200.49098202337757,-200.26363888852245,-200.09943136615192,-198.4426730455882,-199.96695365126277,-198.4426730455882,-200.09943136615192,-200.26363888852245,-200.49098202337757,-200.77901499291823,-201.0324273027112,-200.26100233910097,-200.4073202264766,-200.7361633078428,-201.08910194219783,-201.46971287296515,-201.87966443519798,-202.31932403959684,-202.78818630266005,-203.28517594284034,-203.80886218317403,-204.35761006774942,-204.92968652856428,-205.52333387579267,-206.13681980055242,-206.76847045529428,-207.41669137822316,-208.0799797340312,-208.75693040509623,-209.44623778328173,-210.1466946115687,-210.85718885680626
y=1.400,-210.53367806622657,-209.872061972521,-209.2212013298995,-208.5821894610565,-207.95620177372285,-207.34449563005376,-206.7484075576499,-206.16934668738924,-205.6087829126223,-205.0682277378051,-204.5492050718712,-204.05320825114825,-203.58163824549803,-203.13571615891146,-202.71636055691937,-202.32401649431836,-201.95841784107415,-201.618256751849,-201.30072248062208,-201.0008538128552,-201.60984400897138,-202.38196706287044,-202.06064850514593,-201.79322787268097,-201.58233895473438,-201.43011833509536,-199.88921447563916,-201.30737409086203,-199.88921447563916,-201.43011833509536,-201.58233895473438,-201.79322787268097,-202.06064850514593,-202.38196706287044,-201.60984400897138,-201.0008538128552,-201.30072248062208,-201.618256751849,-201.95841784107415,-202.32401649431836,-202.71636055691937,-203.13571615891146,-203.58163824549803,-204.05320825114825,-204.5492050718712,-205.0682277378051,-205.6087829126223,-206.16934668738924,-206.74840755765,-207.34449563005376,-207.95620177372285,-208.5821894610565,-209.2212013298995,-209.872061972521,-210.53367806622657
