Tag/Probe,Esperada interna?,Melhor antena,Distância (m),Ângulo (°),P_tag dBm,Margem ida dB,RSSI reverso estimado P_rx dBm,Margem volta dB,Margem final dB,Perda tecido dB,Perda gaiola dB,Perda cabine dB,Campo próximo?,Status
PILHA_001,Sim,ESQ,0.558,28.2,-4.2,13.8,-64.4,25.6,13.8,3.3,2.1,0.0,Não,LEITURA CONFIÁVEL
PILHA_002,Sim,ESQ,0.486,29.5,-2.3,15.7,-60.7,29.3,15.7,2.4,2.1,0.0,Não,LEITURA CONFIÁVEL
PILHA_003,Sim,ESQ,0.471,13.6,-0.3,17.7,-56.6,33.4,17.7,2.6,2.1,0.0,Não,LEITURA CONFIÁVEL
PILHA_004,Sim,DIR,0.574,40.5,-6.5,11.5,-69.1,20.9,11.5,2.9,2.1,0.0,Não,LEITURA CONFIÁVEL
PILHA_005,Sim,ESQ,0.493,24.3,-1.9,16.1,-59.8,30.2,16.1,2.6,2.1,0.0,Não,LEITURA CONFIÁVEL
PILHA_006,Sim,TOPO,0.706,28.0,-4.7,13.3,-65.4,24.6,13.3,1.7,2.1,0.0,Não,LEITURA CONFIÁVEL
PILHA_007,Sim,ESQ,0.792,63.2,-16.2,1.8,-88.5,1.5,1.5,2.9,2.1,0.0,Não,LEITURA MARGINAL
PILHA_008,Sim,DIR,0.597,34.6,-6.2,11.8,-68.3,21.7,11.8,3.5,2.1,0.0,Não,LEITURA CONFIÁVEL
PILHA_009,Sim,ESQ,0.482,16.8,-0.8,17.2,-57.7,32.3,17.2,2.6,2.1,0.0,Não,LEITURA CONFIÁVEL
PILHA_010,Sim,ESQ,0.461,5.4,0.4,18.4,-55.2,34.8,18.4,2.5,2.1,0.0,Não,LEITURA CONFIÁVEL
PILHA_011,Sim,DIR,0.494,12.6,-0.9,17.1,-57.9,32.1,17.1,2.9,2.1,0.0,Não,LEITURA CONFIÁVEL
PILHA_012,Sim,DIR,0.53,16.6,-2.2,15.8,-60.5,29.5,15.8,3.2,2.1,0.0,Não,LEITURA CONFIÁVEL
PILHA_013,Sim,DIR,0.523,6.2,-1.5,16.5,-58.9,31.1,16.5,3.3,2.1,0.0,Não,LEITURA CONFIÁVEL
PILHA_014,Sim,DIR,0.379,11.8,2.1,20.1,-51.9,38.1,20.1,1.5,2.1,0.0,Sim,LEITURA CONFIÁVEL
PILHA_015,Sim,DIR,0.417,11.9,1.5,19.5,-52.9,37.1,19.5,1.9,2.1,0.0,Não,LEITURA CONFIÁVEL
PILHA_016,Sim,ESQ,0.501,5.5,-0.8,17.2,-57.6,32.4,17.2,3.0,2.1,0.0,Não,LEITURA CONFIÁVEL
PILHA_017,Sim,DIR,0.536,30.4,-3.9,14.1,-63.8,26.2,14.1,3.0,2.1,0.0,Não,LEITURA CONFIÁVEL
PILHA_018,Sim,ESQ,0.673,40.8,-9.1,8.9,-74.3,15.7,8.9,4.1,2.1,0.0,Não,LEITURA CONFIÁVEL
PILHA_019,Sim,DIR,0.488,5.1,-0.4,17.6,-56.8,33.2,17.6,2.8,2.1,0.0,Não,LEITURA CONFIÁVEL
PILHA_020,Sim,DIR,0.57,25.9,-4.3,13.7,-64.5,25.5,13.7,3.5,2.1,0.0,Não,LEITURA CONFIÁVEL
PILHA_021,Sim,ESQ,0.783,64.1,-15.8,2.2,-87.6,2.4,2.2,2.5,2.1,0.0,Não,LEITURA MARGINAL
PILHA_022,Sim,ESQ,0.558,25.5,-3.9,14.1,-63.8,26.2,14.1,3.4,2.1,0.0,Não,LEITURA CONFIÁVEL
PILHA_023,Sim,DIR,0.531,22.6,-2.8,15.2,-61.6,28.4,15.2,3.1,2.1,0.0,Não,LEITURA CONFIÁVEL
PILHA_024,Sim,ESQ,0.735,45.1,-11.4,6.6,-78.8,11.2,6.6,4.6,2.1,0.0,Não,LEITURA CONFIÁVEL
PILHA_025,Sim,ESQ,0.588,40.6,-6.9,11.1,-69.8,20.2,11.1,3.1,2.1,0.0,Não,LEITURA CONFIÁVEL
PILHA_026,Sim,DIR,0.423,2.3,1.6,19.6,-52.7,37.3,19.6,2.1,2.1,0.0,Não,LEITURA CONFIÁVEL
PILHA_027,Sim,ESQ,0.566,25.9,-4.2,13.8,-64.3,25.7,13.8,3.5,2.1,0.0,Não,LEITURA CONFIÁVEL
PILHA_028,Sim,ESQ,0.408,17.6,1.3,19.3,-53.4,36.6,19.3,1.8,2.1,0.0,Sim,LEITURA CONFIÁVEL
PILHA_029,Sim,ESQ,0.503,35.1,-3.6,14.4,-63.3,26.7,14.4,2.4,2.1,0.0,Não,LEITURA CONFIÁVEL
PILHA_030,Sim,DIR,0.592,27.9,-5.1,12.9,-66.2,23.8,12.9,3.7,2.1,0.0,Não,LEITURA CONFIÁVEL
PILHA_031,Sim,DIR,0.54,18.7,-2.7,15.3,-61.4,28.6,15.3,3.3,2.1,0.0,Não,LEITURA CONFIÁVEL
PILHA_032,Sim,DIR,0.686,43.6,-10.0,8.0,-75.9,14.1,8.0,4.1,2.1,0.0,Não,LEITURA CONFIÁVEL
PILHA_033,Sim,ESQ,0.667,47.3,-10.2,7.8,-76.3,13.7,7.8,3.6,2.1,0.0,Não,LEITURA CONFIÁVEL
PILHA_034,Sim,ESQ,0.656,39.3,-8.5,9.5,-72.9,17.1,9.5,4.0,2.1,0.0,Não,LEITURA CONFIÁVEL
PILHA_035,Sim,ESQ,0.342,30.3,0.7,18.7,-54.6,35.4,18.7,0.6,2.1,0.0,Sim,LEITURA CONFIÁVEL
PILHA_036,Sim,DIR,0.655,42.2,-8.9,9.1,-73.9,16.1,9.1,3.8,2.1,0.0,Não,LEITURA CONFIÁVEL
PILHA_037,Sim,ESQ,0.53,21.6,-2.7,15.3,-61.4,28.6,15.3,3.1,2.1,0.0,Não,LEITURA CONFIÁVEL
PILHA_038,Sim,DIR,0.375,35.0,-0.4,17.6,-56.7,33.3,17.6,0.8,2.1,0.0,Sim,LEITURA CONFIÁVEL
PILHA_039,Sim,TOPO,0.672,3.9,-2.4,15.6,-60.9,29.1,15.6,2.1,2.1,0.0,Não,LEITURA CONFIÁVEL
PILHA_040,Sim,ESQ,0.642,61.2,-12.0,6.0,-80.0,10.0,6.0,1.5,2.1,0.0,Não,LEITURA MARGINAL
PILHA_041,Sim,ESQ,0.628,41.8,-8.2,9.8,-72.3,17.7,9.8,3.5,2.1,0.0,Não,LEITURA CONFIÁVEL
PILHA_042,Sim,ESQ,0.668,50.5,-10.8,7.2,-77.5,12.5,7.2,3.3,2.1,0.0,Não,LEITURA CONFIÁVEL
PILHA_043,Sim,ESQ,0.525,6.5,-1.5,16.5,-59.1,30.9,16.5,3.3,2.1,0.0,Não,LEITURA CONFIÁVEL
PILHA_044,Sim,ESQ,0.453,18.7,-0.1,17.9,-56.2,33.8,17.9,2.3,2.1,0.0,Não,LEITURA CONFIÁVEL
PILHA_045,Sim,DIR,0.436,44.7,-3.2,14.8,-62.4,27.6,14.8,1.0,2.1,0.0,Não,LEITURA CONFIÁVEL
PILHA_046,Sim,DIR,0.519,11.8,-1.6,16.4,-59.2,30.8,16.4,3.2,2.1,0.0,Não,LEITURA CONFIÁVEL
PILHA_047,Sim,DIR,0.61,48.5,-8.9,9.1,-73.8,16.2,9.1,2.8,2.1,0.0,Não,LEITURA CONFIÁVEL
PILHA_048,Sim,DIR,0.48,34.6,-2.9,15.1,-61.8,28.2,15.1,2.1,2.1,0.0,Não,LEITURA CONFIÁVEL
PILHA_049,Sim,DIR,0.56,42.9,-6.5,11.5,-69.1,20.9,11.5,2.6,2.1,0.0,Não,LEITURA CONFIÁVEL
PILHA_050,Sim,DIR,0.645,65.7,-12.6,5.4,-81.3,8.7,5.4,0.5,2.1,0.0,Não,LEITURA MARGINAL
PILHA_051,Sim,DIR,0.416,5.3,1.8,19.8,-52.4,37.6,19.8,2.0,2.1,0.0,Não,LEITURA CONFIÁVEL
PILHA_052,Sim,ESQ,0.692,41.1,-9.7,8.3,-75.3,14.7,8.3,4.3,2.1,0.0,Não,LEITURA CONFIÁVEL
PILHA_053,Sim,ESQ,0.7,44.6,-10.5,7.5,-76.9,13.1,7.5,4.2,2.1,0.0,Não,LEITURA CONFIÁVEL
PILHA_054,Sim,ESQ,0.494,9.4,-0.7,17.3,-57.5,32.5,17.3,2.9,2.1,0.0,Não,LEITURA CONFIÁVEL
PILHA_055,Sim,DIR,0.532,37.9,-4.9,13.1,-65.9,24.1,13.1,2.6,2.1,0.0,Não,LEITURA CONFIÁVEL
PILHA_056,Sim,DIR,0.659,39.9,-8.6,9.4,-73.3,16.7,9.4,4.0,2.1,0.0,Não,LEITURA CONFIÁVEL
PILHA_057,Sim,TOPO,0.693,21.5,-3.8,14.2,-63.6,26.4,14.2,1.9,2.1,0.0,Não,LEITURA CONFIÁVEL
PILHA_058,Sim,DIR,0.401,27.0,0.4,18.4,-55.1,34.9,18.4,1.4,2.1,0.0,Sim,LEITURA CONFIÁVEL
PILHA_059,Sim,DIR,0.536,36.5,-4.8,13.2,-65.6,24.4,13.2,2.7,2.1,0.0,Não,LEITURA CONFIÁVEL
PILHA_060,Sim,ESQ,0.591,29.9,-5.3,12.7,-66.7,23.3,12.7,3.6,2.1,0.0,Não,LEITURA CONFIÁVEL
PILHA_061,Sim,DIR,0.728,53.1,-12.7,5.3,-81.5,8.5,5.3,3.7,2.1,0.0,Não,LEITURA MARGINAL
PILHA_062,Sim,DIR,0.56,50.3,-7.9,10.1,-71.9,18.1,10.1,2.0,2.1,0.0,Não,LEITURA CONFIÁVEL
PILHA_063,Sim,ESQ,0.392,38.3,-1.1,16.9,-58.2,31.8,16.9,0.9,2.1,0.0,Sim,LEITURA CONFIÁVEL
PILHA_064,Sim,DIR,0.45,30.2,-1.3,16.7,-58.6,31.4,16.7,1.9,2.1,0.0,Não,LEITURA CONFIÁVEL
PILHA_065,Sim,ESQ,0.677,59.8,-12.7,5.3,-81.3,8.7,5.3,2.2,2.1,0.0,Não,LEITURA MARGINAL
PILHA_066,Sim,ESQ,0.517,11.7,-1.5,16.5,-59.1,30.9,16.5,3.1,2.1,0.0,Não,LEITURA CONFIÁVEL
PILHA_067,Sim,DIR,0.517,19.4,-2.1,15.9,-60.2,29.8,15.9,3.0,2.1,0.0,Não,LEITURA CONFIÁVEL
PILHA_068,Sim,DIR,0.619,32.7,-6.5,11.5,-68.9,21.1,11.5,3.9,2.1,0.0,Não,LEITURA CONFIÁVEL
PILHA_069,Sim,TOPO,0.749,16.7,-4.8,13.2,-65.6,24.4,13.2,2.8,2.1,0.0,Não,LEITURA CONFIÁVEL
PILHA_070,Sim,ESQ,0.487,17.1,-1.0,17.0,-58.0,32.0,17.0,2.7,2.1,0.0,Não,LEITURA CONFIÁVEL
PILHA_071,Sim,DIR,0.507,16.0,-1.5,16.5,-59.0,31.0,16.5,3.0,2.1,0.0,Não,LEITURA CONFIÁVEL
PILHA_072,Sim,DIR,0.382,46.9,-2.5,15.5,-61.0,29.0,15.5,0.2,2.1,0.0,Sim,LEITURA CONFIÁVEL
PILHA_073,Sim,ESQ,0.549,23.8,-3.4,14.6,-62.9,27.1,14.6,3.3,2.1,0.0,Não,LEITURA CONFIÁVEL
PILHA_074,Sim,DIR,0.504,35.6,-3.7,14.3,-63.5,26.5,14.3,2.4,2.1,0.0,Não,LEITURA CONFIÁVEL
PILHA_075,Sim,DIR,0.768,49.2,-13.0,5.0,-81.9,8.1,5.0,4.6,2.1,0.0,Não,LEITURA MARGINAL
PILHA_076,Sim,DIR,0.406,16.6,1.4,19.4,-53.1,36.9,19.4,1.7,2.1,0.0,Sim,LEITURA CONFIÁVEL
PILHA_077,Sim,ESQ,0.576,25.5,-4.4,13.6,-64.8,25.2,13.6,3.6,2.1,0.0,Não,LEITURA CONFIÁVEL
PILHA_078,Sim,DIR,0.471,51.1,-5.5,12.5,-67.0,23.0,12.5,0.9,2.1,0.0,Não,LEITURA CONFIÁVEL
PILHA_079,Sim,DIR,0.396,11.5,1.9,19.9,-52.2,37.8,19.9,1.7,2.1,0.0,Sim,LEITURA CONFIÁVEL
PILHA_080,Sim,DIR,0.526,9.2,-1.7,16.3,-59.4,30.6,16.3,3.3,2.1,0.0,Não,LEITURA CONFIÁVEL
SOTERRADA_CENTRO_01,Sim,ESQ,0.869,55.0,-16.6,1.4,-89.3,0.7,0.7,5.2,2.1,0.0,Não,LEITURA MARGINAL
SOTERRADA_CENTRO_02,Sim,ESQ,0.804,49.6,-13.9,4.1,-83.7,6.3,4.1,5.0,2.1,0.0,Não,LEITURA MARGINAL
SOTERRADA_CENTRO_03,Sim,DIR,0.724,45.4,-11.2,6.8,-78.4,11.6,6.8,4.4,2.1,0.0,Não,LEITURA CONFIÁVEL
SOTERRADA_CENTRO_04,Sim,DIR,0.654,38.9,-8.3,9.7,-72.6,17.4,9.7,4.0,2.1,0.0,Não,LEITURA CONFIÁVEL
SOTERRADA_CENTRO_05,Sim,ESQ,0.608,30.6,-5.9,12.1,-67.8,22.2,12.1,3.8,2.1,0.0,Não,LEITURA CONFIÁVEL
SOTERRADA_CENTRO_06,Sim,ESQ,0.559,23.2,-3.7,14.3,-63.3,26.7,14.3,3.4,2.1,0.0,Não,LEITURA CONFIÁVEL
SOTERRADA_CENTRO_07,Sim,DIR,0.523,12.2,-1.7,16.3,-59.5,30.5,16.3,3.2,2.1,0.0,Não,LEITURA CONFIÁVEL
SOTERRADA_CENTRO_08,Sim,ESQ,0.504,3.7,-0.9,17.1,-57.7,32.3,17.1,3.0,2.1,0.0,Não,LEITURA CONFIÁVEL
SOTERRADA_CENTRO_09,Sim,ESQ,0.506,10.3,-1.2,16.8,-58.3,31.7,16.8,3.0,2.1,0.0,Não,LEITURA CONFIÁVEL
SOTERRADA_CENTRO_10,Sim,DIR,0.555,21.0,-3.3,14.7,-62.6,27.4,14.7,3.4,2.1,0.0,Não,LEITURA CONFIÁVEL
SOTERRADA_CENTRO_11,Sim,TOPO,0.645,2.1,-1.7,16.3,-59.5,30.5,16.3,1.8,2.1,0.0,Não,LEITURA CONFIÁVEL
SOTERRADA_CENTRO_12,Sim,TOPO,0.546,3.4,0.9,18.9,-54.2,35.8,18.9,0.6,2.1,0.0,Não,LEITURA CONFIÁVEL
PROBE_LATERAL,Não,ESQ,1.977,2.5,-98.3,-80.3,-252.7,-162.7,-162.7,6.6,4.1,80.0,Não,ZONA MORTA
PROBE_FRENTE,Não,TOPO,2.084,60.9,-22.7,-4.7,-101.4,-11.4,-11.4,0.0,4.1,0.0,Não,ZONA MORTA
PROBE_PRATELEIRA,Não,TOPO,1.617,55.5,-98.7,-80.7,-253.5,-163.5,-163.5,0.0,4.1,80.0,Não,ZONA MORTA
